1,579.233,1,6.33716,3271.71,0.466667
1,954.249,1,6.87999,13234.8,0.333333
1,1316.19,1,6.8175,13986.2,0.266667
1,7780.1,1,6.92444,36592.8,0.6
1,9689.48,1,7.00714,38863.7,0.466667
1,8550.88,0,6.99272,38152.3,0.733333
1,12855.6,0,7.14,47418.8,0.8
1,7005.22,0,7.16,33379.1,0.933333
1,4200.71,0,7.23857,21876.9,0.933333
1,1467.84,0,7.34666,15636.7,1
1,140.13,0,7.22071,5914.86,0.933333
1,501.573,0,7.48615,10216.5,0.866667
1,2187.29,0,7.73933,14185.1,1
1,1529.94,0,7.84,18011.8,1
1,6150.99,0,8.00357,36827.5,0.933333
1,488.858,0,8.32,12347.8,1
1,6890.96,0,8.27769,39631.3,0.866667
1,8734.53,0,8.40857,41370.9,0.933333
1,9723.87,0,8.55,46173.3,0.666667
1,8.63433,0,9.59999,985.867,1
1,14009.7,0,9.07667,58784.2,0.6
1,1427.35,0,8.61384,18558.5,0.866667
1,3346.01,0,8.67867,24994.5,1
1,1901.29,0,9.04,19519.9,1
1,5095.9,0,9.125,30034.1,0.8
1,-nan,1,-nan,-nan,0
1,-nan,1,-nan,-nan,0
1,6096.19,0,9.57091,39169.3,0.733333
1,3109.64,0,9.35733,23225.3,1
1,229.765,0,9.16,6459.67,1
1,1977.96,0,9.63067,23681.4,1
1,237.587,0,9.984,7940.8,1
1,61.1147,0,8.932,4568.33,1
1,35.1757,0,8.772,2722.6,1
1,51.8068,0,8.79667,3424.73,1
1,19.9784,0,9.096,2923,1
1,18.9233,0,8.88,2412,1
1,161.254,0,9.70267,7026.27,1
1,765.939,0,11.3936,13304.6,0.933333
1,-nan,3,-nan,-nan,0
1,1958.61,0,12.9287,22484.3,1
1,164.791,0,10.024,6336.73,1
1,16.8826,0,9.40267,2386.87,1
1,11.6121,0,9.504,2096.73,1
1,5.409,0,9.06,1160.6,1
1,1.374,0,8.77067,517.533,1
1,11.9874,0,9.87,2206.73,1
1,27.4413,0,10.784,2947.6,1
1,40.379,0,10.2573,3666.53,1
1,4.6554,0,9.66667,993.267,1
1,-nan,3,-nan,-nan,0
1,1501.61,0,6.34857,2376.71,0.933333
1,785.807,0,6.878,8366.8,1
1,1195.88,0,6.85866,8124.8,1
1,810.801,0,6.96,11190.7,1
1,1868.65,0,7.04399,17441.1,1
1,2106.47,0,7.14933,18847.1,1
1,1834.24,0,7.21066,17113.4,1
1,1187.94,0,7.266,13464.4,1
1,1352.17,0,7.24,10632,1
1,1113.01,0,7.47266,12707.5,1
1,1026.48,0,7.488,10100.2,1
1,205.66,0,7.67867,5562.07,1
1,249.19,0,7.784,8574.93,1
1,2754.88,0,8.01,20831.1,1
1,465.375,0,8.34133,11603.4,1
1,3045.48,0,8.30733,24349.7,1
1,1363.31,0,8.196,15746.5,1
1,6095.11,0,8.80333,34235.2,1
1,8.38887,0,9.59999,983.733,1
1,4933.28,0,9.156,31770,1
1,781.682,0,8.58,13907,1
1,1083.38,0,8.54067,13207.2,1
1,765.205,0,8.928,12849.3,1
1,3688.97,0,9.38333,28386.1,1
1,9130.5,1,10.7467,46572.7,0.2
1,-nan,1,-nan,-nan,0
1,2757.68,0,9.76,23862.4,0.933333
1,528.208,0,9.29933,11457.6,1
1,227.274,0,9.38,7324.2,1
1,578.14,0,9.424,12553.7,1
1,266.596,0,9.89866,8320,1
1,52.3051,0,8.866,3576.47,1
1,86.7366,0,8.72667,3150.27,1
1,27.4121,0,8.79667,2724.47,1
1,16.7569,0,9.048,2502.2,1
1,40.0657,0,9.00333,3206.53,1
1,87.5842,0,9.70267,4677.47,1
1,246.78,0,12.142,7608.53,1
1,-nan,3,-nan,-nan,0
1,363.922,0,12.8193,9599.07,1
1,19.0665,0,9.604,2415.13,1
1,5.27767,0,9.14467,1326.53,1
1,9.4182,0,9.44533,1884.4,1
1,4.5508,0,9.06,1035.8,1
1,3.459,0,9.07733,910.667,1
1,24.8044,0,9.93266,2528.73,1
1,24.7311,0,10.816,2915.8,1
1,20.9363,0,10.0287,2658.27,1
1,8.69273,0,9.4,1138.13,1
1,-nan,3,-nan,-nan,0
1,1599.23,0,6.25833,2901.67,0.8
1,522.488,0,6.274,1572.6,1
1,191.713,0,6.74133,2912.27,1
1,184.189,0,6.85333,3873.33,1
1,290.656,0,6.99199,6562.47,1
1,446.653,0,7.06066,8665.8,1
1,311.947,0,7.12,6941,1
1,551.759,0,7.272,9307,1
1,523.791,0,7.41333,8728.47,1
1,273.896,0,7.31133,6034.93,1
1,210.051,0,7.51999,6058.33,1
1,137.327,0,7.73933,4264.07,1
1,143.393,0,7.868,6086.4,1
1,577.23,0,8.01,10724.7,1
1,436.344,0,8.32,10080.4,1
1,965.336,0,8.296,13127.4,1
1,790.698,0,8.22,10779.9,1
1,1164.5,0,8.68933,15735.3,1
1,7.76147,0,9.59999,935.133,1
1,1436.47,0,9.17,17592.1,1
1,359.118,0,8.47733,7938.8,1
1,326.236,0,8.44867,7382.93,1
1,189.028,0,8.592,6436.93,1
1,919.175,0,9.18333,12806.9,1
1,2379.97,0,10.972,24027.1,1
1,2994.2,0,12.492,30049.4,1
1,911.12,0,9.8,14104.7,1
1,254.117,0,9.12533,7809.6,1
1,335.239,0,9.4,7769.87,1
1,283.292,0,9.46533,8813.33,1
1,162.829,0,9.74933,6452.67,1
1,78.5393,0,9.042,4688.6,1
1,44.3167,0,8.772,2794.73,1
1,15.4888,0,8.56333,1843.8,1
1,18.7098,0,8.952,2383.73,1
1,18.9785,0,8.954,2125.27,1
1,52.3851,0,9.728,3649.2,1
1,298.644,0,15.132,10510.9,1
1,-nan,3,-nan,-nan,0
1,119.418,0,13.202,6037.67,1
1,39.0528,0,9.94,3112,1
1,14.3628,0,9.51733,2083,1
1,13.1373,0,9.53333,2177.13,1
1,1.36487,0,8.49,465.733,1
1,4.90467,0,8.80133,820.867,1
1,14.3447,0,9.93266,2226.47,1
1,25.4157,0,10.816,2909.53,1
1,25.225,0,10.1267,2971.67,1
1,5.55293,0,9.63333,1092.6,1
1,-nan,3,-nan,-nan,0
1,21.368,0,8.07999,2161,1
1,283.749,0,5.926,1283.27,1
1,44.4793,0,6.2,1119.13,1
1,172.44,0,6.81,2402.6,1
1,106.939,0,6.936,3559.6,1
1,126.969,0,6.972,4402.27,1
1,190.995,0,7.13066,5838.6,1
1,210.628,0,7.242,5733.87,1
1,214.014,0,7.36666,5756.73,1
1,172.868,0,7.42133,5157.53,1
1,128.951,0,7.52799,4832,1
1,25.183,0,7.592,2174.67,1
1,95.2669,0,7.868,5002.33,1
1,251.479,0,8.07,7452.2,1
1,311.419,0,8.33066,7838.87,1
1,280.612,0,8.18267,7567.8,1
1,307.774,0,8.256,6995.33,1
1,493.701,0,8.61333,10292.8,1
1,8.4236,0,9.59999,988.2,1
1,657.487,0,9.226,12240.2,1
1,171.219,0,8.536,6290.47,1
1,196.692,0,8.52533,5855,1
1,271.884,0,8.8,7603.47,1
1,259.525,0,9.1,7505.07,1
1,865.703,0,11.0413,15105.3,1
1,920.518,0,12.384,16911.8,1
1,504.171,0,9.93067,10268.4,1
1,183.925,0,9.164,6779.13,1
1,90.3377,0,8.9,4037.73,1
1,166.583,0,9.362,6487.87,1
1,190.684,0,9.81333,6623,1
1,50.0733,0,8.91,3305.8,1
1,16.4923,0,8.74933,2015.47,1
1,41.803,0,8.63333,2342.33,1
1,17.8437,0,9.072,2409.67,1
1,20.049,0,9.028,2324.2,1
1,27.509,0,9.47467,2443.2,1
1,135.152,0,17.628,7554,1
1,-nan,3,-nan,-nan,0
1,61.9373,0,14.8147,4496.33,1
1,19.9833,0,9.856,2176.2,1
1,22.0073,0,9.60333,2382.67,1
1,7.77793,0,9.35733,1542.47,1
1,2.71073,0,8.73,710.333,1
1,4.1364,0,8.98533,877.467,1
1,14.5869,0,9.87,2115.8,1
1,22.8561,0,10.72,2810.4,1
1,21.4649,0,10.0287,2480.73,1
1,3.9452,0,9.5,880.667,1
1,-nan,3,-nan,-nan,0
1,-nan,3,-nan,-nan,0
1,76.8474,0,6.086,517.4,1
1,51.4889,0,6.12,867.8,1
1,66.7853,0,6.66667,1283,1
1,169.087,0,6.828,2040.73,1
1,64.1217,0,6.95333,2869.53,1
1,83.751,0,7.104,3673.4,1
1,122.374,0,7.242,4564.8,1
1,121.893,0,7.41333,4403.4,1
1,69.8581,0,7.34066,3429,1
1,57.2329,0,7.50399,3312,1
1,42.9265,0,7.8,2831.07,1
1,37.6187,0,7.84,3001.6,1
1,163.181,0,8.07,5694.73,1
1,167.333,0,8.32,5888.47,1
1,151.645,0,8.28467,5835,1
1,160.52,0,8.34,5697.4,1
1,207.649,0,8.74,6889.33,1
1,8.4692,0,9.59999,998.933,1
1,236.238,0,9.1,7436.87,1
1,124.345,0,8.46266,4840.2,1
1,156.02,0,8.786,5897.4,1
1,112.855,0,8.736,4892.4,1
1,155.967,0,9,5792.27,1
1,381.818,0,11.388,10610.7,1
1,421.984,0,12.672,11953.9,1
1,184.325,0,9.83733,6596.07,1
1,78.5973,0,9.164,4476.67,1
1,92.7953,0,9.22,4485.73,1
1,49.6255,0,9.07267,3452.2,1
1,117.865,0,9.70667,5384.07,1
1,47.8613,0,8.932,2930.67,1
1,31.3133,0,8.81733,2425.47,1
1,28.273,0,8.75,2068.13,1
1,18.0536,0,9.048,2246.4,1
1,12.9504,0,8.92933,1790.53,1
1,18.4195,0,9.60133,2095.2,1
1,65.2602,0,18.954,4971.33,1
1,-nan,3,-nan,-nan,0
1,44.8493,0,18.204,3825.13,1
1,12.6941,0,9.884,1684.87,1
1,10.6647,0,9.34533,1567.2,1
1,5.7228,0,9.21067,1266.6,1
1,3.18193,0,8.82,738.2,1
1,1.57073,0,8.832,554.6,1
1,9.6608,0,9.87,1779.33,1
1,27.1648,0,10.72,2853.73,1
1,14.1593,0,10.0613,2141.93,1
1,2.802,0,9.46667,764.4,1
1,-nan,3,-nan,-nan,0
1,-nan,3,-nan,-nan,0
1,113.448,0,6.382,606.533,1
1,6.19073,0,5.89066,439.667,1
1,57.1469,0,6.22667,703.6,1
1,19.0413,0,6.588,1049.47,1
1,16.7324,0,6.81333,1484.53,1
1,39.9555,0,7.00266,2263.87,1
1,63.422,0,7.23,3184.13,1
1,65.8461,0,7.36666,3266.13,1
1,53.0481,0,7.35533,3057.6,1
1,28.5945,0,7.416,2282.13,1
1,18.3726,0,7.592,1733.67,1
1,38.6801,0,7.88666,2826.53,1
1,72.0696,0,8.02,3931.27,1
1,105.359,0,8.32,4651.6,1
1,99.1941,0,8.30733,4618.33,1
1,69.5506,0,8.184,3575.8,1
1,107.759,0,8.74,4899.67,1
1,7.76487,0,9.59999,939.8,1
1,135.321,0,9.156,5766.2,1
1,79.9048,0,8.63866,4270.4,1
1,37.665,0,8.28,2639,1
1,80.5543,0,8.688,4233,1
1,99.5067,0,9.21667,4619.67,1
1,173.206,0,10.9893,7033,1
1,211.56,0,12.618,8202.13,1
1,102.787,0,9.744,4838.47,1
1,52.4445,0,9.048,3388.93,1
1,50.3494,0,8.88,3139.53,1
1,73.2031,0,9.3,4118.2,1
1,116.141,0,9.792,5072.73,1
1,46.5327,0,9.108,3154.13,1
1,16.6353,0,8.86267,2022,1
1,19.9531,0,8.58667,1680.4,1
1,19.9559,0,8.832,2012.53,1
1,9.52113,0,8.97867,1530.07,1
1,10.0648,0,9.576,1486.27,1
1,34.8349,0,19.994,3248.53,1
1,-nan,3,-nan,-nan,0
1,41.9028,0,22.6593,3685.4,1
1,12.2334,0,9.968,1670.33,1
1,5.9392,0,9.17333,1084.13,1
1,5.088,0,9.35733,1189.13,1
1,1.81933,0,8.58,509.867,1
1,2.38713,0,9.04667,722.333,1
1,8.95367,0,9.74467,1643.87,1
1,28.2857,0,10.848,2858.93,1
1,8.33413,0,9.93066,1587.53,1
1,1.97253,0,9.03333,545.8,1
1,-nan,3,-nan,-nan,0
1,-nan,3,-nan,-nan,0
1,4.91967,0,7.20001,551.133,1
1,11.0428,0,5.74666,421.267,1
1,4.79407,0,6.02,440.2,1
1,15.2503,0,6.312,681.667,1
1,15.4381,0,6.804,1103.2,1
1,13.5607,0,6.75733,1173.67,1
1,29.2201,0,7.05,1920.67,1
1,36.3325,0,7.22,2273.2,1
1,32.2849,0,7.31133,2261.53,1
1,34.9985,0,7.56,2434.53,1
1,18.8141,0,7.65267,1711.27,1
1,29.1228,0,7.90533,2398.07,1
1,62.5567,0,8.08,3477.73,1
1,70.6189,0,8.32,3791.93,1
1,62.2048,0,8.31867,3587.73,1
1,66.1971,0,8.412,3417.33,1
1,59.3555,0,8.664,3569.2,1
1,8.0302,0,9.59999,945.8,1
1,78.5029,0,9.268,4373.47,1
1,44.4035,0,8.50666,3034.07,1
1,31.9334,0,8.372,2508.93,1
1,44.6007,0,8.72,3054.6,1
1,45.2999,0,8.95,3186.27,1
1,105.354,0,11.128,5372.4,1
1,125.625,0,12.762,6381.2,1
1,78.098,0,10.192,4317.6,1
1,27.2023,0,9.06733,2595.2,1
1,39.3487,0,9.22,2927.93,1
1,33.1901,0,9.15533,2711.67,1
1,68.6335,0,9.68533,3924.27,1
1,28.5817,0,9.02,2373.93,1
1,20.6003,0,8.772,1832,1
1,14.5683,0,8.61,1388.93,1
1,11.7671,0,8.808,1675,1
1,7.01573,0,8.78133,1134.4,1
1,13.0468,0,10.0067,1615.13,1
1,39.4759,0,27.768,3523.8,1
1,-nan,3,-nan,-nan,0
1,30.4756,0,29.2467,3120.33,1
1,9.15647,0,9.94,1362.8,1
1,5.63833,0,9.288,1069.47,1
1,5.37273,0,9.12267,1173.6,1
1,1.4734,0,8.55,477.867,1
1,1.69047,0,8.70933,564.333,1
1,10.4834,0,9.87,1635.07,1
1,16.8645,0,10.528,2171.93,1
1,8.49953,0,10.0287,1449.8,1
1,3.3302,0,9.56667,834.133,1
1,-nan,3,-nan,-nan,0
1,-nan,3,-nan,-nan,0
1,-nan,3,-nan,-nan,0
1,3.79207,0,6.32266,337.933,1
1,3.92227,0,6.10334,360.933,1
1,11.3231,0,6.048,601.467,1
1,10.0567,0,6.314,699.533,1
1,10.5517,0,6.85333,1100.73,1
1,21.1823,0,6.9,1370.07,1
1,18.4729,0,7.08666,1509.33,1
1,28.6993,0,7.348,2091.6,1
1,27.4519,0,7.55999,2065.2,1
1,18.859,0,7.70467,1705.4,1
1,30.7495,0,7.98,2322.73,1
1,39.6065,0,8.08,2656.6,1
1,48.4296,0,8.33066,2975.67,1
1,55.1109,0,8.51133,3253.67,1
1,37.2007,0,8.304,2671.87,1
1,49.8704,0,8.854,3253.53,1
1,8.00167,0,9.59999,949,1
1,50.0988,0,9.17,3440.27,1
1,33.2903,0,8.60933,2616.13,1
1,37.8719,0,8.49467,2737.73,1
1,41.3815,0,8.832,2915.53,1
1,44.1443,0,9.53333,3169.87,1
1,69.1526,0,11.1453,4260,1
1,83.3174,0,12.888,5010.4,1
1,46.3505,0,9.94933,3222.8,1
1,26.4379,0,9.00933,2362.27,1
1,31.1372,0,9.2,2586.67,1
1,22.6691,0,9.114,2128.67,1
1,43.3358,0,9.68533,3166.73,1
1,19.7126,0,8.998,2007.8,1
1,9.99427,0,8.68133,1381.07,1
1,6.26487,0,8.58667,990.8,1
1,9.85673,0,8.856,1446.73,1
1,6.56247,0,8.92933,1082.93,1
1,5.57147,0,9.47467,941.4,1
1,27.8845,0,31.278,2789,1
1,-nan,3,-nan,-nan,0
1,25.5673,0,38.0753,2698.4,1
1,6.22227,0,9.968,1075.4,1
1,4.13567,0,9.25933,877.867,1
1,8.06613,0,9.47467,1446.2,1
1,2.05433,0,8.64,543.8,1
1,2.33507,0,9.04667,706.2,1
1,6.8832,0,9.90133,1373,1
1,20.2996,0,10.592,2382.07,1
1,10.0245,0,10.0613,1621.4,1
1,2.27487,0,9.43333,669.4,1
1,-nan,3,-nan,-nan,0
1,-nan,3,-nan,-nan,0
1,-nan,3,-nan,-nan,0
1,4.78493,0,6.53333,349,1
1,2.39193,0,5.85667,305.333,1
1,2.33913,0,6.012,375,1
1,3.58293,0,6.314,466.467,1
1,2.44107,0,6.62933,540.8,1
1,11.4253,0,7.062,1172.8,1
1,11.0149,0,6.82666,1093.07,1
1,13.2025,0,7.13533,1311.6,1
1,18.2832,0,7.46399,1614.6,1
1,19.2636,0,7.75667,1690,1
1,18.6694,0,7.84933,1754.4,1
1,29.3963,0,8.07,2207.67,1
1,36.6213,0,8.33066,2500.73,1
1,41.6313,0,8.534,2778,1
1,24.9984,0,8.34,2086.93,1
1,37.6311,0,8.854,2685.13,1
1,10.3443,0,9.59999,945.2,1
1,36.8622,0,8.946,2731.47,1
1,23.419,0,8.58,2148.67,1
1,25.5669,0,8.61733,2200.53,1
1,16.89,0,8.512,1828.6,1
1,42.3146,0,9.5,2881.2,1
1,44.7791,0,11.1453,3359.2,1
1,58.2581,0,12.834,3943.33,1
1,36.3713,0,10.2853,2798.07,1
1,23.1383,0,9.14467,2044.2,1
1,25.6572,0,9.16,2237.2,1
1,20.8649,0,9.15533,2063.33,1
1,29.1635,0,9.64266,2514.07,1
1,13.7417,0,8.844,1534.93,1
1,10.644,0,8.86267,1391.93,1
1,6.97793,0,8.61,1018.47,1
1,8.7136,0,8.856,1270.4,1
1,4.86987,0,8.78133,886.4,1
1,5.88313,0,9.60133,956.8,1
1,22.8966,0,49.3628,2543.86,0.933333
1,-nan,3,-nan,-nan,0
1,16.8869,0,33.292,1914.93,1
1,3.30113,0,9.38,672.533,1
1,4.16967,0,9.43133,887.8,1
1,6.30487,0,9.12267,1146.6,1
1,1.64487,0,8.67,492.733,1
1,2.2292,0,8.95467,602.2,1
1,8.0398,0,9.80733,1402.67,1
1,19.8852,0,10.688,2273.2,1
1,8.48267,0,10.0613,1400,1
1,2.30973,0,9.23333,634.067,1
1,-nan,3,-nan,-nan,0
1,-nan,3,-nan,-nan,0
1,-nan,3,-nan,-nan,0
1,3.10653,0,8.60266,506.267,1
1,0.957267,0,5.98334,254.6,1
1,1.03273,0,5.832,279.733,1
1,1.57267,0,5.66067,305.267,1
1,6.85353,0,6.528,607.4,1
1,4.81407,0,6.72,681.6,1
1,8.33667,0,6.98666,916.667,1
1,10.4827,0,7.13533,1095.53,1
1,15.1103,0,7.44,1423.2,1
1,17.4067,0,7.696,1543.27,1
1,19.3271,0,7.84933,1691.33,1
1,24.3278,0,8.1,1979,1
1,27.8252,0,8.32,2127.2,1
1,27.2423,0,8.432,2162.2,1
1,18.1611,0,8.316,1747.13,1
1,25.4929,0,8.74,2161.07,1
1,8.57447,0,9.59999,994,1
1,30.5015,0,9.17,2447.67,1
1,17.5041,0,8.63866,1724,1
1,21.9592,0,8.66333,1947,1
1,17.1296,0,8.672,1757.07,1
1,21.4821,0,9.35,1977.13,1
1,35.0871,0,10.9893,2754.87,1
1,40.7411,0,12.924,3180.2,1
1,31.4829,0,10.3413,2482.33,1
1,15.8601,0,9.08667,1699.6,1
1,20.0423,0,9.52,2032.13,1
1,21.4952,0,9.238,1991.67,1
1,26.6459,0,9.70667,2309.93,1
1,11.5927,0,8.932,1430.93,1
1,8.52933,0,8.74933,1183,1
1,8.0954,0,8.72667,998.467,1
1,5.86627,0,8.832,1046.27,1
1,3.7036,0,8.732,766.6,1
1,5.574,0,10.26,852.533,1
1,15.3218,0,46.86,1797.92,0.866667
1,-nan,3,-nan,-nan,0
1,13.9029,0,41.5193,1613.67,1
1,4.1792,0,10.136,775,1
1,3.6216,0,9.288,775.267,1
1,4.28253,0,9.328,923.267,1
1,1.48913,0,8.58,418,1
1,2.4428,0,8.98533,699.733,1
1,9.17607,0,9.93266,1444.4,1
1,15.7446,0,10.624,1923.47,1
1,6.301,0,9.93067,1203.07,1
1,3.366,0,9.56667,781.933,1
1,-nan,3,-nan,-nan,0
1,-nan,3,-nan,-nan,0
1,-nan,3,-nan,-nan,0
1,-nan,3,-nan,-nan,0
1,3.23353,0,6.44667,276.467,1
1,1.9584,0,6.068,298.867,1
1,1.52507,0,6.048,297.067,1
1,2.45587,0,6.06933,356.467,1
1,8.01493,0,6.666,623.6,1
1,4.44413,0,6.56,522.933,1
1,7.84733,0,7.20866,960.067,1
1,11.8189,0,7.368,1175.47,1
1,16.0694,0,7.70467,1435.93,1
1,17.3792,0,7.84933,1539.4,1
1,21.0323,0,8.1,1745.33,1
1,22.1553,0,8.30933,1837,1
1,22.647,0,8.568,1942.67,1
1,17.9979,0,8.508,1737.27,1
1,22.2725,0,8.94266,1973.73,1
1,7.98227,0,9.59999,944.067,1
1,22.1185,0,9.296,2035.27,1
1,12.723,0,8.60933,1433.67,1
1,11.9544,0,8.47933,1382.73,1
1,13.5649,0,8.592,1501.87,1
1,22.1957,0,9.55,1998.87,1
1,27.5061,0,11.18,2331.73,1
1,31.5947,0,12.762,2679.13,1
1,24.643,0,10.3973,2145.6,1
1,14.4546,0,9.28,1561.13,1
1,17.6558,0,9.42,1765.73,1
1,13.0144,0,9.09333,1487.2,1
1,21.024,0,9.70667,2009.33,1
1,9.19287,0,8.91,1188.67,1
1,7.16467,0,8.636,1059.4,1
1,5.17347,0,8.37667,757.133,1
1,4.878,0,8.832,912.4,1
1,4.0514,0,8.85533,705.733,1
1,3.54833,0,9.90533,647.333,1
1,13.3595,0,44.135,1543.08,0.8
1,-nan,3,-nan,-nan,0
1,13.0895,0,51.7546,1641,0.866667
1,3.6688,0,10.724,667.4,1
1,2.87913,0,9.202,660.533,1
1,3.54233,0,9.21067,814.533,1
1,1.382,0,8.64,426.2,1
1,1.63407,0,8.80133,512.467,1
1,7.74533,0,9.87,1223.6,1
1,13.0528,0,10.656,1699.67,1
1,6.16513,0,10.094,1184.67,1
1,3.277,0,9.56667,729.067,1
1,-nan,3,-nan,-nan,0
1,-nan,3,-nan,-nan,0
1,-nan,3,-nan,-nan,0
1,4.6978,0,6.904,222.3,0.666667
1,2.0194,0,7.52,360.333,1
1,0.957733,0,6.132,223.133,1
1,1.09333,0,5.94533,277.6,1
1,1.07733,0,6.00533,295.667,1
1,1.9934,0,6.414,426.2,1
1,3.7588,0,6.3,454.6,1
1,3.28547,0,6.90067,596.933,1
1,10.0458,0,7.408,1026.4,1
1,9.74227,0,7.566,1110.73,1
1,14.7385,0,7.812,1393.53,1
1,17.9763,0,8.1,1540.4,1
1,19.0919,0,8.29866,1602.73,1
1,18.6479,0,8.568,1697.4,1
1,20.2743,0,8.928,1794.27,1
1,18.1314,0,9.158,1756.47,1
1,7.7634,0,9.59999,939.8,1
1,15.7198,0,9.156,1624.07,1
1,12.5344,0,8.59466,1345.4,1
1,9.1836,0,8.372,1177.8,1
1,11.7419,0,8.784,1357.67,1
1,14.2913,0,9.45,1553.33,1
1,21.3577,0,11.284,2038.27,1
1,26.0773,0,12.816,2299.33,1
1,19.1085,0,10.304,1787.67,1
1,12.6204,0,9.28,1425.53,1
1,9.36167,0,8.98,1188.6,1
1,12.2883,0,9.13467,1351.07,1
1,16.4559,0,9.664,1663.6,1
1,11.9137,0,9.086,1360.93,1
1,6.59887,0,8.72667,992.6,1
1,5.18887,0,8.63333,826.4,1
1,3.581,0,8.712,769,1
1,2.65087,0,8.68267,576.133,1
1,5.08493,0,10.5133,779.333,1
1,9.21429,0,43.5964,1131.07,0.933333
1,-nan,3,-nan,-nan,0
1,11.4749,3,60.967,1438.2,0.666667
1,2.81993,0,10.164,555.733,1
1,2.72033,0,9.288,637.933,1
1,3.349,0,9.21067,763.933,1
1,0.9346,0,8.4,334.333,1
1,1.43067,0,8.70933,413.733,1
1,6.39013,0,9.87,1150.6,1
1,10.7967,0,10.592,1546,1
1,6.1548,0,10.094,1127,1
1,2.30773,0,9.36667,614.867,1
1,-nan,3,-nan,-nan,0
1,-nan,3,-nan,-nan,0
1,-nan,3,-nan,-nan,0
1,1.40353,0,7.536,252.467,1
1,1.76173,0,8.29667,327.067,1
1,2.19693,0,6.12,226.133,1
1,1.59,0,6.174,268.133,1
1,1.1848,0,6.03733,292.467,1
1,1.40607,0,6.546,336.8,1
1,2.75287,0,6.7,446.667,1
1,2.2144,0,6.688,454.8,1
1,3.99413,0,7.072,587.333,1
1,8.71107,0,7.44467,983.067,1
1,12.0481,0,7.79333,1205.73,1
1,14.7197,0,8.08,1368.33,1
1,15.7367,0,8.32,1443.07,1
1,16.4373,0,8.65867,1544.27,1
1,15.9651,0,8.844,1558.47,1
1,15.7053,0,9.158,1558.67,1
1,7.82593,0,9.59999,937.4,1
1,16.8624,0,9.548,1669,1
1,11.1843,0,8.85866,1269.47,1
1,10.7909,0,8.786,1282.07,1
1,9.52227,0,8.752,1189.47,1
1,12.9471,0,9.45,1420.13,1
1,18.711,0,11.1973,1804,1
1,20.4419,0,12.744,1949.33,1
1,17.2207,0,10.7147,1652.4,1
1,8.1652,0,9.14467,1080.53,1
1,7.19493,0,8.68,942.6,1
1,10.0622,0,9.238,1291.4,1
1,12.9627,0,9.62133,1443.8,1
1,7.389,0,8.91,1007.73,1
1,4.355,0,8.432,770.133,1
1,3.08627,0,8.33,579,1
1,3.58467,0,8.904,719.267,1
1,2.96127,0,8.90467,578.2,1
1,5.96147,0,12.16,806.933,1
1,11.324,0,69.7233,1430.56,0.6
1,-nan,3,-nan,-nan,0
1,8.38138,0,47.0869,1056.23,0.866667
1,3.9908,0,10.836,647.267,1
1,2.53747,0,9.31667,579.867,1
1,3.3656,0,9.26933,749.067,1
1,0.8786,0,8.43,312.467,1
1,1.845,0,8.89333,498.267,1
1,4.7812,0,9.80733,936.533,1
1,9.89187,0,10.592,1384.13,1
1,5.92127,0,10.0287,1035.07,1
1,2.92033,0,9.6,702,1
1,-nan,3,-nan,-nan,0
1,-nan,3,-nan,-nan,0
1,-nan,3,-nan,-nan,0
1,-nan,3,-nan,-nan,0
1,2.48257,0,7.13215,239.286,0.933333
1,-nan,3,-nan,-nan,0
1,1.1688,0,6.23467,247.933,1
1,0.9172,0,5.696,238.733,1
1,2.19707,0,6.588,344.867,1
1,1.47913,0,6.62667,348.667,1
1,2.55707,0,6.51933,483.6,1
1,2.06473,0,6.872,434.867,1
1,5.12227,0,7.23667,710,1
1,10.2137,0,7.82133,1094.07,1
1,12.3987,0,8.05,1227.93,1
1,13.4475,0,8.26666,1308,1
1,13.5408,0,8.59067,1352,1
1,14.5829,0,8.904,1426.6,1
1,13.6837,0,9.09466,1400.2,1
1,7.70793,0,9.59999,937.867,1
1,11.986,0,9.646,1332.27,1
1,10.0025,0,8.932,1180.53,1
1,9.0996,0,8.74,1104.13,1
1,7.4868,0,8.656,1006.67,1
1,11.1031,0,9.53333,1271.07,1
1,15.2261,0,11.0067,1571,1
1,16.9973,0,12.834,1708.07,1
1,11.6785,0,10.2293,1312.73,1
1,8.04753,0,9.47333,1064.73,1
1,5.1296,0,8.58,715.6,1
1,7.89493,0,9.25867,1076.33,1
1,8.8596,0,9.45067,1153.47,1
1,6.1084,0,8.822,905.8,1
1,3.34527,0,8.5,667.467,1
1,4.46987,0,8.51667,683.933,1
1,3.67867,0,8.808,674.733,1
1,2.9862,0,9.00333,535.333,1
1,6.06833,0,14.1107,806.733,1
1,8.77809,0,83.7081,1103.91,0.733333
1,-nan,3,-nan,-nan,0
1,6.85537,0,66.6763,948.125,0.533333
1,5.92947,0,13.216,679.667,1
1,1.67573,0,8.82933,443.6,1
1,2.17227,0,9.21067,543.933,1
1,1.27973,0,8.52,354.933,1
1,2.38413,0,8.95467,505.067,1
1,6.54353,0,9.87,936.467,1
1,9.16427,0,10.496,1203.33,1
1,5.30013,0,10.0613,989.2,1
1,2.22693,0,9.53333,576.933,1
1,-nan,3,-nan,-nan,0
1,-nan,3,-nan,-nan,0
1,-nan,3,-nan,-nan,0
1,1.11769,0,7.52,176.462,0.866667
1,2.1056,0,7.92,331.667,1
1,0.914867,0,7.012,212.133,1
1,1.14867,0,6.29533,242.933,1
1,0.588133,0,5.97867,195.267,1
1,0.700133,0,5.862,229.6,1
1,1.91547,0,6.72,358,1
1,1.78693,0,6.59267,388.733,1
1,2.34727,0,6.664,403.933,1
1,2.45827,0,7.00267,489,1
1,4.96073,0,7.336,695.4,1
1,7.66607,0,7.71,950.667,1
1,12.2231,0,8.30933,1219.27,1
1,12.93,0,8.568,1270.73,1
1,12.1209,0,8.892,1289.67,1
1,12.0597,0,9.22133,1285.47,1
1,8.02507,0,9.59999,957.267,1
1,11.2287,0,9.758,1293.27,1
1,6.9148,0,8.888,922.267,1
1,6.74987,0,8.61733,893.667,1
1,7.40373,0,8.88,997.667,1
1,10.825,0,9.98333,1220.53,1
1,13.9307,0,11.4747,1442.4,1
1,13.6356,0,12.78,1446.53,1
1,10.9515,0,10.6587,1253.4,1
1,7.6728,0,9.24133,992.6,1
1,7.25087,0,9.08,986.2,1
1,7.2518,0,9.3,992.667,1
1,8.84613,0,9.664,1109.73,1
1,5.5044,0,8.91,830.4,1
1,3.839,0,8.59067,696.4,1
1,3.0412,0,8.47,540.933,1
1,2.96367,0,8.712,586.267,1
1,2.22253,0,8.954,475.533,1
1,4.17273,0,12.4387,588.733,1
1,5.34778,0,47.8833,706.556,0.6
1,-nan,3,-nan,-nan,0
1,5.9431,3,74.292,851.9,0.666667
1,3.93687,0,13.02,598.2,1
1,1.61833,0,9.05867,400.467,1
1,1.95647,0,9.18133,504.667,1
1,1.70847,0,8.85,421.6,1
1,1.6428,0,8.70933,453.4,1
1,5.24707,0,9.99533,915,1
1,7.082,0,10.656,1103.33,1
1,4.4646,0,10.192,890.667,1
1,2.33007,0,9.53333,562.267,1
1,-nan,3,-nan,-nan,0
1,-nan,3,-nan,-nan,0
1,-nan,3,-nan,-nan,0
1,-nan,3,-nan,-nan,0
1,1.23147,0,7.38667,192.8,1
1,1.2144,0,7.4,241.867,1
1,0.852867,0,6.3,177.867,1
1,1.14633,0,6.176,221.933,1
1,0.870333,0,5.964,218.8,1
1,0.7632,0,6.39333,246.667,1
1,1.40187,0,6.688,298.667,1
1,1.34047,0,6.536,331.6,1
1,1.0472,0,6.80333,325.2,1
1,2.5482,0,6.888,479.733,1
1,5.00067,0,7.49,703.8,1
1,9.92833,0,8.288,1059.53,1
1,10.4151,0,8.57933,1128.27,1
1,11.8368,0,8.976,1234.67,1
1,10.7097,0,9.20866,1175.4,1
1,7.83667,0,9.59999,945.2,1
1,11.3477,0,10.038,1224.6,1
1,8.20087,0,9.03466,1003.73,1
1,7.5904,0,8.878,940.8,1
1,7.19293,0,8.912,914,1
1,9.34847,0,9.95,1089.2,1
1,10.8677,0,11.2667,1227.67,1
1,12.2961,0,12.618,1288,1
1,8.1948,0,10.4533,1028.8,1
1,5.90293,0,9.37667,828.667,1
1,4.44813,0,8.72,670.133,1
1,6.12367,0,9.13467,864.333,1
1,7.3976,0,9.664,978.4,1
1,5.26933,0,8.844,772.933,1
1,2.0028,0,8.27333,470.733,1
1,2.23787,0,8.35333,447.333,1
1,2.71907,0,8.736,520.733,1
1,1.99073,0,8.806,424.933,1
1,4.7946,0,14.82,642.533,1
1,5.00022,0,82.5933,668.778,0.6
1,-nan,3,-nan,-nan,0
1,4.3068,3,77.49,634.8,0.333333
1,3.10253,0,11.312,502.267,1
1,1.34273,0,9.03,353.333,1
1,1.74447,0,9.064,459.2,1
1,1.3056,0,8.73,349.4,1
1,1.3774,0,8.77067,404.6,1
1,3.2934,0,9.83867,734.133,1
1,6.1236,0,10.656,1000.33,1
1,3.54587,0,9.86533,746.467,1
1,2.26427,0,9.53333,536.267,1
1,-nan,3,-nan,-nan,0
1,-nan,3,-nan,-nan,0
1,-nan,3,-nan,-nan,0
1,-nan,3,-nan,-nan,0
1,-nan,3,-nan,-nan,0
1,1.81927,0,7.168,180.933,1
1,2.13647,0,6.47733,198.267,1
1,0.818133,0,6.144,201,1
1,0.840333,0,6.318,224.267,1
1,1.19253,0,6.48,277,1
1,1.78447,0,6.666,300.667,1
1,1.3624,0,6.848,326,1
1,1.32007,0,6.708,325.133,1
1,2.10853,0,6.99067,417.267,1
1,2.75147,0,7.2,514.4,1
1,5.4366,0,7.59466,718.867,1
1,9.79153,0,8.64733,1071,1
1,10.2878,0,8.94,1120.6,1
1,9.9292,0,9.234,1117.73,1
1,7.6318,0,9.59999,938.867,1
1,9.77973,0,10.052,1105.47,1
1,7.56847,0,9.25466,938.067,1
1,6.5386,0,8.98533,863.333,1
1,5.01067,0,8.752,743.867,1
1,8.07713,0,10.2,1008.53,1
1,9.3996,0,11.1627,1099.07,1
1,10.4011,0,12.402,1178.13,1
1,8.82627,0,10.976,1031.47,1
1,5.146,0,9.35733,777.267,1
1,3.873,0,8.54,615.867,1
1,5.3946,0,9.3,783.4,1
1,5.30207,0,9.42933,817.6,1
1,3.85087,0,8.822,672.733,1
1,3.0232,0,8.45467,541.267,1
1,2.054,0,8.28333,418.8,1
1,1.96173,0,8.448,440.133,1
1,2.17673,0,9.15133,422.333,1
1,3.69613,0,12.5653,529.267,1
1,4.0896,0,78,573.8,0.333333
1,-nan,3,-nan,-nan,0
1,3.76367,3,68.675,548.333,0.4
1,3.39327,0,13.804,513.533,1
1,1.43467,0,9.14467,358.2,1
1,1.62513,0,8.85867,419.867,1
1,0.8562,0,8.52,275.933,1
1,1.381,0,8.89333,405,1
1,4.23527,0,9.90133,766.067,1
1,5.0022,0,10.4,862.733,1
1,2.97113,0,9.996,684.933,1
1,1.88127,0,9.46667,491.267,1
1,-nan,3,-nan,-nan,0
1,-nan,3,-nan,-nan,0
1,-nan,3,-nan,-nan,0
1,-nan,3,-nan,-nan,0
1,-nan,3,-nan,-nan,0
1,0.957667,0,7.74,188,1
1,0.906333,0,6.55667,187.667,1
1,0.950333,0,6.21867,173,1
1,0.831133,0,6.018,177,1
1,0.980533,0,6.39333,244,1
1,1.00727,0,6.49,250.933,1
1,1.131,0,6.456,278.067,1
1,2.05187,0,6.942,383.467,1
1,1.76693,0,6.82267,375.6,1
1,2.43627,0,7.16,450.467,1
1,4.32167,0,7.53066,608.867,1
1,6.81047,0,8.30733,863.667,1
1,8.68593,0,8.616,996.6,1
1,9.44733,0,9.25933,1055.67,1
1,7.94367,0,9.59999,948.8,1
1,8.77987,0,9.996,1009.07,1
1,7.71427,0,9.62133,940.733,1
1,5.963,0,9.23066,825,1
1,5.82887,0,9.328,773,1
1,7.07407,0,10.05,871.667,1
1,8.6838,0,11.7867,1026.93,1
1,9.3376,0,13.05,1041.47,1
1,7.73387,0,11.0133,948.667,1
1,4.6994,0,9.55067,741.8,1
1,4.5046,0,9.08,690.133,1
1,4.5896,0,9.13467,691.6,1
1,5.31067,0,9.51467,789.4,1
1,3.7718,0,8.844,610.533,1
1,2.7216,0,8.568,504.867,1
1,1.79307,0,8.4,381.733,1
1,1.78627,0,8.496,394.533,1
1,1.8378,0,8.48533,375.8,1
1,3.12807,0,11.704,465.733,1
1,4.25,0,71.76,580.5,0.133333
1,-nan,3,-nan,-nan,0
1,4.57067,3,84.05,638,0.2
1,2.50547,0,12.488,423.2,1
1,0.941467,0,9.40267,266.067,1
1,1.65393,0,9.12267,425,1
1,1.01327,0,8.58,293.6,1
1,1.22173,0,8.74,367.467,1
1,3.86587,0,9.964,733.067,1
1,4.50687,0,10.336,803.133,1
1,2.6338,0,9.8,590.133,1
1,2.04087,0,9.6,535.933,1
1,-nan,3,-nan,-nan,0
1,-nan,3,-nan,-nan,0
1,-nan,3,-nan,-nan,0
1,-nan,3,-nan,-nan,0
1,-nan,3,-nan,-nan,0
1,1.284,0,9.84,239,1
1,0.967733,0,6.818,171,1
1,1.21947,0,6.192,167,1
1,1.208,0,6.39,204.867,1
1,0.655533,0,6.11333,198,1
1,0.7232,0,6.36533,227.4,1
1,0.7012,0,6.328,228.8,1
1,1.04187,0,6.36133,256.467,1
1,2.38787,0,7.01867,424.133,1
1,2.21407,0,7.03,420.667,1
1,3.3736,0,7.38133,508.733,1
1,5.3586,0,7.888,676.267,1
1,7.45407,0,8.784,888.933,1
1,8.53687,0,9.29733,973.6,1
1,7.76827,0,9.59999,936.933,1
1,8.35147,0,10.052,966.133,1
1,7.458,0,10.032,916.267,1
1,7.12973,0,9.99733,873.6,1
1,5.05687,0,9.12,712.2,1
1,6.83633,0,10.1333,870.2,1
1,8.34613,0,12.0987,974.333,1
1,8.23413,0,13.194,978.667,1
1,6.85127,0,11.1067,865.6,1
1,4.1668,0,9.35733,651.8,1
1,3.51007,0,8.84,549.533,1
1,4.31567,0,9.25867,671.2,1
1,5.24767,0,9.536,759.933,1
1,3.67753,0,8.954,604.667,1
1,2.84947,0,8.704,524.133,1
1,1.337,0,8.33,310.2,1
1,1.923,0,8.712,394.733,1
1,1.69513,0,8.954,348.133,1
1,3.88793,0,14.8707,516.933,1
1,2.625,3,55.185,372.5,0.133333
1,-nan,3,-nan,-nan,0
1,2.812,3,71.545,424.5,0.133333
1,3.41387,0,15.4,485.6,1
1,2.1716,0,9.60333,421.2,1
1,1.58353,0,8.85867,408.067,1
1,0.538067,0,8.31,197.667,1
1,1.16,0,8.67867,352.667,1
1,2.58547,0,9.588,564.533,1
1,3.71973,0,10.24,697.8,1
1,2.4052,0,9.73466,561.867,1
1,1.43067,0,9.26667,413.4,1
1,-nan,3,-nan,-nan,0
1,-nan,3,-nan,-nan,0
1,-nan,3,-nan,-nan,0
1,-nan,3,-nan,-nan,0
1,-nan,3,-nan,-nan,0
1,0.5072,0,7.048,118.933,1
1,0.794786,0,7.56,171.071,0.933333
1,0.773533,0,6.48533,170.067,1
1,0.5568,0,6.09,151.467,1
1,0.8768,0,6.28667,211.733,1
1,0.5534,0,6.32867,190.2,1
1,0.7616,0,6.36,217.933,1
1,0.927733,0,6.77733,264.733,1
1,1.04867,0,6.73867,269.733,1
1,1.1118,0,6.9,306.733,1
1,2.16893,0,7.328,400.067,1
1,3.20133,0,7.66133,510.4,1
1,4.8244,0,8.112,640,1
1,5.58713,0,8.67667,756.133,1
1,7.84347,0,9.59999,943.733,1
1,7.65,0,10.08,920.267,1
1,7.395,0,10.3107,868.133,1
1,7.8996,0,10.8407,887.267,1
1,7.28853,0,10.8,857.6,1
1,6.3678,0,10.95,788.8,1
1,7.32147,0,12.48,875.267,1
1,7.2346,0,13.104,885.6,1
1,5.87407,0,11.0133,775.267,1
1,4.4788,0,9.628,668.933,1
1,3.38973,0,9.06,568.333,1
1,4.35433,0,9.486,672.067,1
1,4.33533,0,9.6,673.733,1
1,2.90713,0,8.91,518.267,1
1,1.84507,0,8.568,400.533,1
1,1.59487,0,8.37667,342.067,1
1,1.80987,0,8.952,370,1
1,1.83447,0,9.29933,364.6,1
1,3.3538,0,16.7453,456.4,1
1,-nan,3,-nan,-nan,0
1,-nan,3,-nan,-nan,0
1,-nan,3,-nan,-nan,0
1,2.34893,0,13.804,376.933,1
1,1.92413,0,9.632,389,1
1,1.46547,0,9.152,363.4,1
1,0.731133,0,8.58,231.133,1
1,1.2252,0,8.70933,354.4,1
1,2.99027,0,9.90133,587.333,1
1,3.9618,0,10.56,704.067,1
1,2.63107,0,9.96333,574.267,1
1,1.53327,0,9.43333,419.133,1
1,-nan,3,-nan,-nan,0
1,-nan,3,-nan,-nan,0
1,-nan,3,-nan,-nan,0
1,-nan,3,-nan,-nan,0
1,-nan,3,-nan,-nan,0
1,-nan,3,-nan,-nan,0
1,0.652467,0,7.18667,150.267,1
1,0.689867,0,6.44267,152.867,1
1,0.7892,0,6.276,161.867,1
1,0.9948,0,6.47333,206.267,1
1,1.56367,0,6.43133,197.267,1
1,0.659733,0,6.368,211.333,1
1,0.6122,0,6.37,196.533,1
1,0.787133,0,6.42133,217.333,1
1,0.949667,0,6.69,251.067,1
1,1.41247,0,6.90133,300.067,1
1,2.13227,0,6.95867,351.733,1
1,3.5452,0,7.716,535.8,1
1,5.28873,0,8.61333,693.867,1
1,7.4446,0,9.36,748.4,1
1,9.3362,0,10.08,834,1
1,9.1166,0,10.56,850.933,1
1,8.52967,0,11.04,847.333,1
1,7.0022,0,11.408,835.6,1
1,6.69807,0,11.5,807.8,1
1,6.94327,0,12.7227,837.4,1
1,6.4026,0,13.32,793.6,1
1,5.44753,0,11.2747,739.667,1
1,4.07987,0,9.976,620.733,1
1,3.64307,0,9.3,567.133,1
1,3.27727,0,9.238,561.067,1
1,3.72407,0,9.536,596.533,1
1,2.6926,0,8.866,482.733,1
1,1.6196,0,8.54533,366.4,1
1,0.901933,0,8.09667,232.867,1
1,1.61667,0,8.544,327.267,1
1,1.8332,0,9.59533,333.2,1
1,2.7358,0,13.6547,380.067,1
1,3.58,3,84.6299,512,0.0666667
1,-nan,3,-nan,-nan,0
1,3.763,3,69.29,530,0.0666667
1,2.81357,0,18.06,433.429,0.933333
1,1,0,8.772,252.6,1
1,1.11653,0,8.976,310.267,1
1,0.810333,0,8.7,254.533,1
1,1.27087,0,8.86267,356.467,1
1,3.30493,0,10.0267,602,1
1,3.18253,0,10.4,617.2,1
1,2.22387,0,9.996,512.667,1
1,1.13607,0,9.23333,331.133,1
1,-nan,3,-nan,-nan,0
1,-nan,3,-nan,-nan,0
1,-nan,3,-nan,-nan,0
1,-nan,3,-nan,-nan,0
1,-nan,3,-nan,-nan,0
1,0.648533,0,8.5,143.467,1
1,0.828933,0,7.06533,137.533,1
1,0.841867,0,6.49067,137.933,1
1,0.577067,0,6.504,158.4,1
1,0.567067,0,6.50667,163.533,1
1,0.599933,0,6.30667,178.4,1
1,0.619267,0,6.488,182.667,1
1,0.944667,0,6.56067,239.867,1
1,0.885333,0,6.552,231.8,1
1,1.07973,0,6.78,248,1
1,1.51147,0,7.08266,301.533,1
1,1.92453,0,7.32133,395.867,1
1,3.68193,0,7.476,433.467,1
1,4.20633,0,8.27133,585,1
1,5.1292,0,9.28,696.267,1
1,5.5666,0,9.758,738.2,1
1,6.64907,0,10.56,794.333,1
1,6.9626,0,11.04,795.333,1
1,6.59153,0,11.264,768.6,1
1,6.23793,0,11.7333,778.467,1
1,6.395,0,12.74,789.133,1
1,5.9032,0,13.356,741.533,1
1,5.4518,0,11.5733,704.867,1
1,3.82767,0,9.78267,587.267,1
1,3.831,0,9.66,573.933,1
1,3.53553,0,9.25867,555,1
1,3.5622,0,9.664,566.933,1
1,2.659,0,8.91,472.133,1
1,1.7444,0,8.52267,347.8,1
1,1.60187,0,8.63333,332.467,1
1,1.49887,0,8.616,314.267,1
1,1.6376,0,9.52133,309.667,1
1,2.36787,0,13.984,348.467,1
1,-nan,3,-nan,-nan,0
1,-nan,3,-nan,-nan,0
1,-nan,3,-nan,-nan,0
1,1.578,0,13.832,278.2,1
1,1.381,0,9.57467,295.067,1
1,1.13227,0,8.82933,299.333,1
1,0.7414,0,8.52,227.533,1
1,1.17527,0,8.924,310.733,1
1,2.02093,0,9.55667,445,1
1,2.98927,0,10.4,577.2,1
1,2.2414,0,9.83267,482.867,1
1,1.37547,0,9.63333,367.267,1
1,-nan,3,-nan,-nan,0
1,-nan,3,-nan,-nan,0
1,-nan,3,-nan,-nan,0
1,-nan,3,-nan,-nan,0
1,-nan,3,-nan,-nan,0
1,-nan,3,-nan,-nan,0
1,-nan,3,-nan,-nan,0
1,1.1056,0,6.608,144.533,1
1,0.511533,0,6.492,138,1
1,0.8462,0,6.51333,195.867,1
1,0.6328,0,6.50467,175,1
1,0.573867,0,6.552,176.733,1
1,0.618267,0,6.63867,193.867,1
1,0.6952,0,6.59867,195.4,1
1,1.1024,0,6.7,231.533,1
1,1.26287,0,7.01867,275,1
1,1.74187,0,7.28733,345.733,1
1,2.84407,0,7.668,453.733,1
1,3.18,0,7.866,497.667,1
1,4.71413,0,9.12,650.4,1
1,4.73027,0,9.646,667.867,1
1,5.31447,0,10.1493,697.733,1
1,5.66847,0,10.81,714,1
1,5.60947,0,11.52,713.533,1
1,6.28233,0,12,757.6,1
1,6.08927,0,12.74,744.533,1
1,6.10253,0,13.41,757.933,1
1,4.69953,0,11.8907,660.533,1
1,3.57893,0,9.82133,539.133,1
1,4.1468,0,10.52,614.133,1
1,3.4672,0,9.56867,531.267,1
1,3.31487,0,9.62133,542.667,1
1,1.78753,0,8.668,365.533,1
1,1.6886,0,8.84,360.6,1
1,1.59087,0,8.61,328.733,1
1,1.3664,0,8.592,298.533,1
1,1.58273,0,10.2367,296.067,1
1,2.9764,0,18.7213,417,1
1,-nan,3,-nan,-nan,0
1,-nan,3,-nan,-nan,0
1,-nan,3,-nan,-nan,0
1,1.98733,0,14.112,298.867,1
1,1.1688,0,9.51733,257.2,1
1,1.18773,0,9.03467,293.733,1
1,0.944667,0,8.79,252.733,1
1,0.866867,0,8.80133,261.533,1
1,2.01113,0,9.61933,437.533,1
1,2.452,0,9.984,491.067,1
1,1.7536,0,9.83267,421.733,1
1,1.009,0,9.43333,315.467,1
1,-nan,3,-nan,-nan,0
1,-nan,3,-nan,-nan,0
1,-nan,3,-nan,-nan,0
1,-nan,3,-nan,-nan,0
1,-nan,3,-nan,-nan,0
1,-nan,3,-nan,-nan,0
1,0.575667,0,7.73733,130.4,1
1,0.886933,0,7.376,144.267,1
1,0.435533,0,6.462,131.133,1
1,0.692867,0,6.79333,183.067,1
1,0.472733,0,6.21867,150.6,1
1,0.7666,0,6.768,196.8,1
1,0.618467,0,6.63,189.2,1
1,0.739933,0,6.524,207.667,1
1,1.03653,0,6.8,236.8,1
1,1.17593,0,6.83733,233.133,1
1,1.15953,0,7.18533,276.867,1
1,2.12333,0,7.572,375.6,1
1,2.24807,0,7.562,422.267,1
1,4.20187,0,8.82666,581.133,1
1,4.2938,0,9.562,618.667,1
1,4.99787,0,9.988,645.6,1
1,5.23373,0,10.7027,670.067,1
1,5.276,0,11.568,660.133,1
1,5.38987,0,12,680.067,1
1,4.98573,0,12.74,664.4,1
1,4.8676,0,13.356,630.2,1
1,3.64113,0,10.192,526.8,1
1,3.5898,0,10.4013,541.467,1
1,3.17353,0,9.92,506,1
1,3.23627,0,9.96133,517.6,1
1,3.20153,0,9.6,507.333,1
1,2.58713,0,9.042,421.8,1
1,1.7396,0,8.54533,338.867,1
1,1.34547,0,8.63333,285.2,1
1,1.265,0,8.472,254,1
1,1.46993,0,9.96533,274.867,1
1,2.58193,0,22.9773,351.467,1
1,-nan,3,-nan,-nan,0
1,-nan,3,-nan,-nan,0
1,1.944,3,57.81,282,0.0666667
1,2.60093,0,20.46,377.143,0.933333
1,1.24167,0,9.91867,248.733,1
1,1.0522,0,9.18133,260.867,1
1,0.990467,0,8.97,251.6,1
1,1.19733,0,9.07733,307.667,1
1,2.28213,0,9.83867,461.133,1
1,2.65033,0,10.624,515.733,1
1,1.952,0,9.73467,421.8,1
1,0.736933,0,8.9,238.8,1
1,-nan,3,-nan,-nan,0
1,-nan,3,-nan,-nan,0
1,-nan,3,-nan,-nan,0
1,-nan,3,-nan,-nan,0
1,-nan,3,-nan,-nan,0
1,-nan,3,-nan,-nan,0
1,0.625267,0,7.35933,132.733,1
1,0.608733,0,7.296,122.267,1
1,0.436667,0,6.594,123,1
1,0.752267,0,6.96667,176.4,1
1,0.3546,0,5.88867,126.333,1
1,1.03387,0,6.528,172.933,1
1,0.6466,0,6.67333,190.2,1
1,0.8898,0,6.98133,229.867,1
1,1.21367,0,7.15,264.267,1
1,0.636667,0,6.496,185.467,1
1,1.06013,0,6.94733,255.467,1
1,2.14833,0,7.776,359.067,1
1,2.5118,0,7.866,403.8,1
1,3.38407,0,8.02666,476.467,1
1,3.601,0,8.792,522,1
1,4.25653,0,9.60666,574,1
1,4.37987,0,10.3347,601.6,1
1,4.66953,0,10.8,607.8,1
1,4.6668,0,11.7,627.933,1
1,4.70213,0,12.532,627.8,1
1,4.6504,0,12.798,614.933,1
1,3.16613,0,10.528,507.133,1
1,3.67493,0,10.6527,542.467,1
1,3.5818,0,10.32,503.867,1
1,3.1826,0,10.2093,490.333,1
1,2.78767,0,9.83467,467.333,1
1,2.3222,0,9.108,389.333,1
1,1.85013,0,8.84,355,1
1,1.58227,0,8.79667,296.933,1
1,1.3832,0,8.712,267.667,1
1,1.52813,0,10.2367,281.333,1
1,1.78921,3,14.0871,276.357,0.933333
1,-nan,3,-nan,-nan,0
1,-nan,3,-nan,-nan,0
1,2.094,3,56.58,303,0.0666667
1,1.65043,0,17.22,274.571,0.933333
1,1.21793,0,9.91867,251.4,1
1,0.9444,0,9.18133,246.8,1
1,0.521933,0,8.43,181.133,1
1,1.1998,0,8.924,305.667,1
1,1.8536,0,9.61933,403.133,1
1,2.252,0,10.528,454.733,1
1,2.37667,0,10.29,466.133,1
1,0.904733,0,9.2,278.133,1
1,-nan,3,-nan,-nan,0
1,-nan,3,-nan,-nan,0
1,-nan,3,-nan,-nan,0
1,-nan,3,-nan,-nan,0
1,-nan,3,-nan,-nan,0
1,-nan,3,-nan,-nan,0
1,0.647267,0,8.96,137,1
1,0.556933,0,8.18133,120.533,1
1,0.4782,0,6.522,120.533,1
1,0.464867,0,6.68,147.8,1
1,0.388,0,6.38733,132.467,1
1,0.510667,0,6.312,154.133,1
1,0.670933,0,6.63867,181.133,1
1,0.9394,0,6.804,195.333,1
1,0.827,0,6.79,213.533,1
1,0.527067,0,6.34667,185.467,1
1,0.726533,0,6.85667,216.533,1
1,1.61453,0,7.428,295.333,1
1,2.10633,0,7.92933,361.133,1
1,3.2012,0,8.61333,491.4,1
1,2.824,0,8.26,454.6,1
1,3.8808,0,8.99066,505.333,1
1,4.21053,0,10.35,569.467,1
1,4.36527,0,10.848,568.667,1
1,4.07407,0,11.45,563.333,1
1,4.2688,0,12.4107,585.133,1
1,4.0664,0,12.6,571.867,1
1,4.0078,0,12.432,549.8,1
1,2.91967,0,10.3433,456,1
1,2.6082,0,10.06,432.133,1
1,2.62487,0,10.0853,459.667,1
1,2.7814,0,9.77067,446,1
1,2.06693,0,9.108,372.867,1
1,1.2844,0,8.5,273.867,1
1,1.30513,0,8.54,260.667,1
1,1.18953,0,8.616,229.733,1
1,1.52153,0,10.1873,275.867,1
1,2.14575,0,23.37,309.333,0.8
1,-nan,3,-nan,-nan,0
1,-nan,3,-nan,-nan,0
1,-nan,3,-nan,-nan,0
1,1.6958,0,18.452,268.267,1
1,0.925733,0,9.86133,205.8,1
1,1.07893,0,9.44533,250.467,1
1,0.608267,0,8.52,186.933,1
1,0.964467,0,8.89333,262.4,1
1,1.82313,0,9.776,387.4,1
1,2.55693,0,10.688,459.333,1
1,1.4432,0,9.83267,353.867,1
1,0.8084,0,9.16667,245.867,1
1,-nan,3,-nan,-nan,0
1,-nan,3,-nan,-nan,0
1,-nan,3,-nan,-nan,0
1,-nan,3,-nan,-nan,0
1,-nan,3,-nan,-nan,0
1,-nan,3,-nan,-nan,0
1,0.735933,0,10.01,146,1
1,0.5278,0,8.02667,111.533,1
1,0.512933,0,6.522,112,1
1,0.556667,0,6.98667,148.267,1
1,0.774733,0,6.65133,156.067,1
1,0.578,0,6.464,161.4,1
1,0.681867,0,6.89867,181.933,1
1,1.33393,0,6.916,192.467,1
1,1.02867,0,6.98,222.933,1
1,0.749933,0,6.752,194.4,1
1,0.914733,0,6.834,210.667,1
1,1.18187,0,7.164,240.933,1
1,1.7162,0,7.73933,310.6,1
1,2.85847,0,8.92,432.4,1
1,2.80607,0,8.89,436.067,1
1,2.9006,0,8.41866,438.8,1
1,3.22267,0,9.50667,487.8,1
1,3.51713,0,9.984,501.267,1
1,3.8096,0,10.9667,529.267,1
1,3.99313,0,12.22,544.933,1
1,4.0542,0,12.528,539.667,1
1,3.59527,0,12.3387,510.4,1
1,2.28613,0,9.87933,394,1
1,2.61533,0,10,429.6,1
1,2.54367,0,10.1887,419.733,1
1,2.1346,0,9.62133,383.067,1
1,1.6912,0,8.998,334.467,1
1,1.53413,0,8.81733,304.533,1
1,1.31607,0,8.56333,242.333,1
1,1.04367,0,8.784,220.067,1
1,1.31113,0,9.768,230.467,1
1,1.78923,0,20.6077,257.846,0.866667
1,-nan,3,-nan,-nan,0
1,-nan,3,-nan,-nan,0
1,1.958,3,86.9201,298,0.0666667
1,1.74586,0,19.86,275.5,0.933333
1,0.764867,0,9.46,183.333,1
1,1.04567,0,9.26933,245.6,1
1,0.6436,0,8.43,173.533,1
1,0.695733,0,8.77067,205,1
1,1.55753,0,9.80733,351.533,1
1,2.08587,0,10.464,404.933,1
1,1.5518,0,10.094,358,1
1,1.1524,0,9.56667,295.333,1
1,-nan,3,-nan,-nan,0
1,-nan,3,-nan,-nan,0
1,-nan,3,-nan,-nan,0
1,-nan,3,-nan,-nan,0
1,-nan,3,-nan,-nan,0
1,-nan,3,-nan,-nan,0
1,-nan,3,-nan,-nan,0
1,0.620067,0,8.42667,134.733,1
1,0.461267,0,6.594,104.933,1
1,0.722,0,7.01333,167.667,1
1,0.619733,0,6.78333,139.8,1
1,0.4496,0,6.608,141.467,1
1,0.6312,0,6.89867,157.733,1
1,1.05987,0,6.81333,174.2,1
1,0.815933,0,7.17,215.733,1
1,0.7494,0,6.752,199,1
1,0.657333,0,6.65267,186.2,1
1,0.8098,0,7.128,213,1
1,1.45433,0,7.53667,281.867,1
1,2.29473,0,8.49333,374.4,1
1,2.38153,0,8.848,399.2,1
1,2.75907,0,8.56533,420.2,1
1,2.46047,0,8.49467,420.067,1
1,3.0924,0,10.24,462,1
1,3.5646,0,10.9833,497.6,1
1,3.59467,0,11.284,504.067,1
1,3.54653,0,12.528,501.4,1
1,3.49527,0,11.8533,486.667,1
1,3.14413,0,11.136,474.8,1
1,3.20193,0,11.42,464,1
1,2.56667,0,10.3333,418.867,1
1,2.10873,0,9.62133,368.4,1
1,1.86453,0,9.02,332,1
1,1.70907,0,8.84,313.133,1
1,1.21533,0,8.68,238.6,1
1,1.34153,0,9,238.733,1
1,1.04227,0,9.29933,202.333,1
1,2.33808,0,36.0708,337.308,0.866667
1,-nan,3,-nan,-nan,0
1,-nan,3,-nan,-nan,0
1,-nan,3,-nan,-nan,0
1,1.19569,0,14.8292,203.308,0.866667
1,0.9892,0,10.406,212.733,1
1,0.741067,0,8.712,205.867,1
1,0.791533,0,8.76,197.8,1
1,0.9388,0,9.108,247.867,1
1,1.92053,0,10.0267,373.067,1
1,2.12427,0,10.656,407.133,1
1,1.996,0,10.6167,401.6,1
1,0.825667,0,9.33333,246,1
1,-nan,3,-nan,-nan,0
1,-nan,3,-nan,-nan,0
1,-nan,3,-nan,-nan,0
1,-nan,3,-nan,-nan,0
1,-nan,3,-nan,-nan,0
1,-nan,3,-nan,-nan,0
1,-nan,3,-nan,-nan,0
1,-nan,3,-nan,-nan,0
1,0.439333,0,6.69,95.7333,1
1,0.56,0,7.14667,138.533,1
1,0.446467,0,6.63667,132.133,1
1,0.6434,0,6.688,143.733,1
1,0.4496,0,6.37,135.2,1
1,0.535467,0,6.916,160.333,1
1,0.530467,0,6.85,167.933,1
1,1.19753,0,7.22133,223.667,1
1,1.08653,0,6.98133,212.8,1
1,0.669333,0,6.72,184.4,1
1,1.40487,0,7.65067,284.4,1
1,1.87793,0,8,318.4,1
1,2.12613,0,8.498,352.4,1
1,2.40553,0,8.99066,396.667,1
1,2.73553,0,9.062,424.333,1
1,3.09007,0,9.744,433.4,1
1,2.52253,0,9.28333,407.067,1
1,3.04873,0,10.5733,444.133,1
1,3.21813,0,11.556,455.067,1
1,3.31587,0,12.488,459.733,1
1,2.95527,0,11.368,435.533,1
1,3.09727,0,11.32,441,1
1,2.2432,0,10.2093,383.4,1
1,2.2558,0,9.81333,376.133,1
1,1.33813,0,8.866,267,1
1,1.2906,0,8.47733,244.067,1
1,1.03687,0,8.70333,209.933,1
1,1.32607,0,9.168,232.6,1
1,1.18087,0,10.434,205.333,1
1,2.1222,0,33.326,305.6,0.666667
1,-nan,3,-nan,-nan,0
1,-nan,3,-nan,-nan,0
1,1.446,3,91.4301,236,0.0666667
1,1.667,0,23.04,248.286,0.933333
1,1.031,0,9.976,202.4,1
1,0.800333,0,8.888,206.8,1
1,0.727133,0,8.79,190,1
1,0.7676,0,8.832,217.267,1
1,1.575,0,9.99533,339.133,1
1,2.1604,0,10.976,404.533,1
1,1.42393,0,9.93067,307.667,1
1,1.38613,0,10.2,319.467,1
1,-nan,3,-nan,-nan,0
1,-nan,3,-nan,-nan,0
1,-nan,3,-nan,-nan,0
1,-nan,3,-nan,-nan,0
1,-nan,3,-nan,-nan,0
1,-nan,3,-nan,-nan,0
1,-nan,3,-nan,-nan,0
1,0.597533,0,10,135,1
1,0.6314,0,10.44,142.733,1
1,0.663933,0,7.28,151.267,1
1,0.4524,0,6.76867,125.867,1
1,0.580133,0,6.664,134.4,1
1,0.694067,0,6.82067,166.6,1
1,0.589467,0,6.93467,163,1
1,0.586133,0,6.9,168.933,1
1,0.936733,0,6.944,199.4,1
1,1.231,0,7.174,241.667,1
1,0.4652,0,6.288,162.8,1
1,1.32707,0,7.73933,267.733,1
1,1.08867,0,7.56,241.733,1
1,1.8594,0,8.148,309,1
1,2.1022,0,8.72666,348.933,1
1,2.2736,0,9.12333,374.8,1
1,2.464,0,8.976,377.867,1
1,2.63993,0,9.7,409.8,1
1,2.87427,0,10.4,417,1
1,2.92673,0,11.952,434.733,1
1,2.9192,0,12.1333,420,1
1,2.71727,0,11.1553,401.867,1
1,2.3254,0,10.02,381.867,1
1,2.27573,0,10.4987,371.667,1
1,1.85687,0,9.62133,330,1
1,1.17767,0,8.888,253.867,1
1,1.66753,0,9.15733,300.2,1
1,0.741267,0,8.37667,169.267,1
1,1.22067,0,9.816,227.667,1
1,1.33407,0,13.2707,227.267,1
1,1.73792,0,24.6415,250.692,0.866667
1,-nan,3,-nan,-nan,0
1,-nan,3,-nan,-nan,0
1,-nan,3,-nan,-nan,0
1,1.81569,3,30.24,286.615,0.866667
1,0.912333,0,9.804,185.533,1
1,0.787067,0,9.29867,194.2,1
1,0.571867,0,8.55,160.6,1
1,0.6326,0,8.77067,195.667,1
1,1.15733,0,9.61933,271.8,1
1,1.72,0,10.56,342.6,1
1,1.34173,0,10.0613,317.667,1
1,1.1624,0,9.96667,283.133,1
1,-nan,3,-nan,-nan,0
1,-nan,3,-nan,-nan,0
1,-nan,3,-nan,-nan,0
1,-nan,3,-nan,-nan,0
1,-nan,3,-nan,-nan,0
1,0.53875,0,9.79,126.167,0.8
1,-nan,3,-nan,-nan,0
1,-nan,3,-nan,-nan,0
1,-nan,3,-nan,-nan,0
1,0.784067,0,7.27333,171.667,1
1,0.469933,0,6.886,121.2,1
1,0.4624,0,6.888,140.467,1
1,0.520133,0,6.92467,147.933,1
1,0.700333,0,7.20533,174.2,1
1,0.644933,0,6.66,152.133,1
1,0.806733,0,7.01867,181.667,1
1,0.837667,0,6.87933,191.333,1
1,0.790467,0,6.852,198.733,1
1,0.732067,0,7.04267,196.067,1
1,1.10273,0,7.26667,238.8,1
1,1.502,0,7.91,277.4,1
1,1.8604,0,8.65333,311.4,1
1,2.01127,0,8.98533,351.6,1
1,2.3134,0,9.536,376.333,1
1,2.23687,0,9.41667,370.4,1
1,2.45307,0,10.192,381.733,1
1,2.67487,0,11.124,398.2,1
1,2.86607,0,11.8907,411.867,1
1,2.6446,0,12.702,403.267,1
1,2.24713,0,10.48,375.4,1
1,1.99973,0,10.2507,341.2,1
1,1.6934,0,9.536,314.4,1
1,1.57387,0,9.394,291,1
1,0.7308,0,8.47733,178.133,1
1,0.9664,0,8.98333,197.733,1
1,1.029,0,9.384,200.667,1
1,1.07087,0,11.248,190.933,1
1,1.8367,0,29.298,263.9,0.666667
1,-nan,3,-nan,-nan,0
1,-nan,3,-nan,-nan,0
1,-nan,3,-nan,-nan,0
1,1.64031,0,27.7846,260.923,0.866667
1,0.769067,0,10.0047,163.267,1
1,0.839,0,9.38667,198.8,1
1,0.611467,0,8.67,160.533,1
1,0.744267,0,9.108,201.667,1
1,1.33167,0,10.0893,290.333,1
1,1.8226,0,10.848,351.733,1
1,1.4408,0,10.4207,319.933,1
1,1.12873,0,10.2333,279.533,1
1,-nan,3,-nan,-nan,0
1,-nan,3,-nan,-nan,0
1,-nan,3,-nan,-nan,0
1,-nan,3,-nan,-nan,0
1,-nan,3,-nan,-nan,0
1,-nan,3,-nan,-nan,0
1,-nan,3,-nan,-nan,0
1,-nan,3,-nan,-nan,0
1,-nan,3,-nan,-nan,0
1,0.387867,0,7.02667,103.333,1
1,0.411733,0,6.798,110.467,1
1,0.543533,0,6.888,129.2,1
1,0.4176,0,6.864,124.333,1
1,0.9488,0,7.35467,181.533,1
1,0.6912,0,6.91,147,1
1,0.800933,0,7.264,182.067,1
1,0.9448,0,7.32133,204.267,1
1,1.065,0,7.26,211.667,1
1,0.496733,0,6.62467,158.467,1
1,0.937733,0,7.12,208.667,1
1,1.23667,0,7.658,249.533,1
1,1.6688,0,8.28666,292.933,1
1,1.75587,0,8.77067,316.333,1
1,1.9746,0,9.344,339.467,1
1,2.25347,0,9.75,366.267,1
1,2.22847,0,9.94933,356.267,1
1,2.34033,0,10.854,362.4,1
1,2.4646,0,11.4053,368.933,1
1,2.2536,0,11.3293,356.4,1
1,2.27753,0,11.12,353.4,1
1,2.06853,0,10.3747,324.6,1
1,1.85473,0,10.8587,306.733,1
1,1.14067,0,9.086,237.733,1
1,0.964667,0,8.86267,194.8,1
1,0.8046,0,8.68,177,1
1,0.980933,0,9.48,188,1
1,1.3396,0,10.878,219.733,1
1,1.61757,0,34.6343,249.714,0.466667
1,-nan,3,-nan,-nan,0
1,-nan,3,-nan,-nan,0
1,-nan,3,-nan,-nan,0
1,1.6976,3,26.67,247.6,0.666667
1,0.626933,0,9.632,144.133,1
1,0.671067,0,8.94667,173,1
1,0.725933,0,9,179.933,1
1,0.871267,0,9.32267,208.467,1
1,1.27473,0,9.99533,266.533,1
1,1.35733,0,10.4,290.933,1
1,1.5462,0,10.7147,321.733,1
1,0.919867,0,9.7,235.533,1
1,-nan,3,-nan,-nan,0
1,-nan,3,-nan,-nan,0
1,-nan,3,-nan,-nan,0
1,-nan,3,-nan,-nan,0
1,-nan,3,-nan,-nan,0
1,-nan,3,-nan,-nan,0
1,-nan,3,-nan,-nan,0
1,-nan,3,-nan,-nan,0
1,-nan,3,-nan,-nan,0
1,0.409533,0,6.98,107,1
1,0.622733,0,7.01067,123.067,1
1,0.728,0,6.904,134,1
1,0.756733,0,7.02867,159.6,1
1,0.724067,0,7.06533,159.4,1
1,0.535667,0,7.13,157.333,1
1,0.825933,0,7.232,175.667,1
1,0.912867,0,7.14,185.4,1
1,0.871467,0,6.984,192.933,1
1,0.919,0,7.144,207.267,1
1,0.9194,0,6.66667,198.333,1
1,1.32064,0,7.695,242.143,0.933333
1,1.39893,0,7.92,260.4,1
1,1.56453,0,8.418,285,1
1,2.002,0,9.30857,332.071,0.933333
1,1.99427,0,9.7,336.267,1
1,2.58327,0,10.8507,372.4,1
1,2.0038,0,10.134,327.533,1
1,2.21813,0,10.7707,340.267,1
1,2.50853,0,11.5227,365.933,1
1,2.03747,0,11.36,325.6,1
1,1.82487,0,10.0233,305.4,1
1,1.77647,0,10.368,299.267,1
1,1.449,0,9.284,271.467,1
1,0.838133,0,8.79467,180.8,1
1,0.692533,0,8.58667,151.467,1
1,1.1102,0,10.008,198.8,1
1,0.835167,0,10.3908,161.417,0.8
1,1.655,0,35.72,238.714,0.466667
1,-nan,3,-nan,-nan,0
1,-nan,3,-nan,-nan,0
1,-nan,3,-nan,-nan,0
1,1.31717,0,22.435,213.5,0.8
1,0.581333,0,9.17333,135.667,1
1,0.762333,0,9.26933,178.733,1
1,0.555467,0,8.85,156.867,1
1,0.6588,0,9.108,174.467,1
1,1.2342,0,10.1207,268.333,1
1,1.54314,0,10.9714,304.571,0.933333
1,1.62433,0,11.564,313.667,1
1,1.23747,0,10.7333,278.8,1
1,-nan,3,-nan,-nan,0
1,-nan,3,-nan,-nan,0
1,-nan,3,-nan,-nan,0
1,-nan,3,-nan,-nan,0
1,-nan,3,-nan,-nan,0
1,-nan,3,-nan,-nan,0
1,-nan,3,-nan,-nan,0
1,-nan,3,-nan,-nan,0
1,-nan,3,-nan,-nan,0
1,0.520267,0,7.02,111.133,1
1,0.415467,0,6.688,97.3333,1
1,0.474533,0,6.8,107.467,1
1,0.5236,0,6.994,129.867,1
1,0.582333,0,7,139.8,1
1,0.570333,0,7.18,154.4,1
1,0.684067,0,7.18933,166.4,1
1,0.932467,0,7.16267,174.4,1
1,0.6984,0,7.02,163.533,1
1,1.08767,0,7.486,233.467,1
1,0.949133,0,6.93333,207.4,1
1,0.832267,0,7.07,200.067,1
1,1.18333,0,8.008,240.067,1
1,1.34873,0,8.35667,255.933,1
1,1.64907,0,8.976,295.2,1
1,1.85107,0,9.8,327.267,1
1,1.97593,0,9.89734,332.333,1
1,2.10973,0,10.53,327.067,1
1,1.91467,0,10.4347,307.133,1
1,2.0208,0,11.1747,319.8,1
1,1.69567,0,10.58,281.733,1
1,1.72947,0,10.602,292.6,1
1,1.78533,0,10.752,292,1
1,1.554,0,11.308,275.867,1
1,0.903,0,9.112,200.733,1
1,0.757667,0,8.82,162.067,1
1,0.986933,0,9.312,183.067,1
1,0.783929,0,9.64643,155.357,0.933333
1,1.61688,3,36.2425,242.375,0.533333
1,-nan,3,-nan,-nan,0
1,-nan,3,-nan,-nan,0
1,-nan,3,-nan,-nan,0
1,1.4756,0,25.326,226.6,0.666667
1,0.606867,0,9.51733,134.133,1
1,0.752733,0,9.26933,175.667,1
1,0.785333,0,9.12,178.8,1
1,0.613333,0,8.95467,175.267,1
1,1.06427,0,9.99533,250.733,1
1,1.3368,0,10.592,271.067,1
1,1.4938,0,11.4007,290.733,1
1,0.935067,0,10.0333,234.2,1
1,-nan,3,-nan,-nan,0
1,-nan,3,-nan,-nan,0
1,-nan,3,-nan,-nan,0
1,-nan,3,-nan,-nan,0
1,-nan,3,-nan,-nan,0
1,-nan,3,-nan,-nan,0
1,-nan,3,-nan,-nan,0
1,-nan,3,-nan,-nan,0
1,-nan,3,-nan,-nan,0
1,0.46,0,7.44,121.2,1
1,0.4096,0,6.93733,103.733,1
1,0.454933,0,6.888,105.6,1
1,0.6632,0,7.254,139,1
1,0.629533,0,7.15867,151.467,1
1,0.822667,0,7.42,172,1
1,0.8586,0,7.28533,172,1
1,1.19767,0,7.36667,179.467,1
1,0.896133,0,7.368,202.867,1
1,0.931533,0,7.6,208.8,1
1,1.5028,0,7.8,250.333,1
1,1.09593,0,7.084,221,1
1,1.05693,0,7.612,220.267,1
1,1.2814,0,8.28,244.267,1
1,1.57427,0,8.576,274.733,1
1,1.70307,0,9.36667,291.6,1
1,1.88407,0,9.96667,306.6,1
1,1.9348,0,10.71,313.867,1
1,1.84733,0,10.7147,296.4,1
1,1.71887,0,10.672,284.533,1
1,1.82193,0,10.74,297.8,1
1,1.73833,0,10.974,287.067,1
1,1.70307,0,11.1573,283.933,1
1,1.0148,0,9.614,197.933,1
1,0.7392,0,9.67867,161.867,1
1,0.834933,0,9.03,171.067,1
1,0.957067,0,9.096,175.133,1
1,0.906786,0,13.1086,161.143,0.933333
1,1.54957,0,38.1628,228.714,0.466667
1,-nan,3,-nan,-nan,0
1,-nan,3,-nan,-nan,0
1,-nan,3,-nan,-nan,0
1,1.14071,3,22.8,191,0.466667
1,0.659733,0,10.6067,130,1
1,0.740533,0,9.53333,168.133,1
1,0.6006,0,8.82,152.467,1
1,0.619067,0,9.108,165,1
1,0.885867,0,9.83867,224,1
1,1.60087,0,11.104,294.867,1
1,1.52973,0,11.6293,290.333,1
1,0.888133,0,10.1667,222.933,1
1,-nan,3,-nan,-nan,0
1,-nan,3,-nan,-nan,0
1,-nan,3,-nan,-nan,0
1,-nan,3,-nan,-nan,0
1,-nan,3,-nan,-nan,0
1,-nan,3,-nan,-nan,0
1,0.2874,0,8.344,74.4,0.666667
1,-nan,3,-nan,-nan,0
1,-nan,3,-nan,-nan,0
1,-nan,3,-nan,-nan,0
1,0.392867,0,6.908,101.2,1
1,0.5102,0,7.008,111.2,1
1,0.684357,0,7.11286,132.5,0.933333
1,0.662231,0,7.11846,136.692,0.866667
1,0.692267,0,7.36,159.733,1
1,0.750077,0,7.26154,157.154,0.866667
1,0.934923,0,7.55846,183.154,0.866667
1,1.00933,0,7.44,191.733,1
1,0.904,0,7.74615,205.462,0.866667
1,1.07293,0,7.81333,221.8,1
1,1.20633,0,7.77,228.6,1
1,1.04353,0,7.348,214.533,1
1,1.1504,0,7.74333,222.667,1
1,1.41621,0,8.64,252.214,0.933333
1,1.44993,0,9.56667,265.867,1
1,1.74293,0,9.89733,286.933,1
1,1.76327,0,11.124,287.333,1
1,1.59393,0,10.92,270.533,1
1,1.73513,0,11.0393,279.4,1
1,1.82242,0,11.45,288.833,0.8
1,1.26213,0,9.424,246.267,1
1,1.37958,0,9.73333,235,0.8
1,0.9226,0,10.142,191.533,1
1,0.859,3,9.81143,176.071,0.933333
1,1.06933,0,10.1033,197.467,1
1,0.823067,0,8.736,162.733,1
1,0.683833,0,10.8533,124.75,0.8
1,1.2905,3,33.9625,193.875,0.533333
1,-nan,3,-nan,-nan,0
1,-nan,3,-nan,-nan,0
1,-nan,3,-nan,-nan,0
1,1.2602,0,24.948,196,0.333333
1,0.734917,0,10.3558,133.083,0.8
1,0.726933,0,9.70933,160.667,1
1,0.449308,3,8.41154,118,0.866667
1,0.699,0,9.16933,176.2,1
1,1.16933,0,10.5907,242.467,1
1,1.42685,0,11.04,273.538,0.866667
1,1.516,0,11.69,282.929,0.933333
1,0.997071,0,10.6429,228.643,0.933333
1,-nan,3,-nan,-nan,0
1,-nan,3,-nan,-nan,0
1,-nan,3,-nan,-nan,0
1,-nan,3,-nan,-nan,0
1,-nan,3,-nan,-nan,0
1,-nan,3,-nan,-nan,0
1,-nan,3,-nan,-nan,0
1,-nan,3,-nan,-nan,0
1,0.550467,0,9.258,136,1
1,-nan,3,-nan,-nan,0
1,0.340933,0,6.78333,85.2,1
1,0.428867,0,7.152,104.467,1
1,0.432667,0,7.02867,106.6,1
1,0.527667,0,6.86933,121.133,1
1,0.433733,0,6.89,121.2,1
1,0.584533,0,7.424,147.467,1
1,0.9326,0,7.35533,176.4,1
1,0.828467,0,7.452,175.8,1
1,0.979533,0,7.79,199.533,1
1,1.20253,0,8.14667,233.533,1
1,1.187,0,8.092,216.133,1
1,1.23267,0,7.64133,230.533,1
1,1.2884,0,7.55933,211.133,1
1,1.51773,0,8.96,258.133,1
1,1.4136,0,9.41667,249.8,1
1,1.65567,0,10.192,271.067,1
1,1.78673,0,10.422,283.867,1
1,1.7918,0,11.536,278.8,1
1,1.53973,0,10.4593,266,1
1,1.84213,0,11.42,277.333,1
1,1.3836,0,10.292,240.333,1
1,1.25193,0,9.344,239,1
1,0.959867,0,10.56,187.867,1
1,0.733133,0,9.316,147.933,1
1,0.833067,0,10.8733,157.933,1
1,0.709,0,8.784,138.533,1
1,0.934933,0,13.5667,150.8,1
1,1.371,0,36.67,194,0.4
1,-nan,3,-nan,-nan,0
1,-nan,3,-nan,-nan,0
1,-nan,3,-nan,-nan,0
1,1.30656,0,26.74,183.111,0.6
1,0.713,0,11.395,137,0.933333
1,0.713533,0,9.416,153.6,1
1,0.622067,0,9.54,142.467,1
1,0.6836,0,9.26133,165.6,1
1,1.05753,0,10.1207,217.667,1
1,1.29827,0,11.04,253.467,1
1,1.41967,0,11.6947,264.067,1
1,1.17853,0,11,241.333,1
1,-nan,3,-nan,-nan,0
1,-nan,3,-nan,-nan,0
1,-nan,3,-nan,-nan,0
1,-nan,3,-nan,-nan,0
1,-nan,3,-nan,-nan,0
1,-nan,3,-nan,-nan,0
1,-nan,3,-nan,-nan,0
1,-nan,3,-nan,-nan,0
1,0.943667,0,9.444,156.667,1
1,-nan,3,-nan,-nan,0
1,0.529867,0,7.06933,103.733,1
1,0.418667,0,7.12,100.533,1
1,0.423333,0,7.01133,104.8,1
1,0.694333,0,7.13067,131.4,1
1,0.512267,0,7.21,129.533,1
1,0.718533,0,7.50933,162,1
1,0.699267,0,7.45733,164.933,1
1,1.02173,0,7.572,177.533,1
1,1.05293,0,7.84067,201.6,1
1,1.45933,0,8.26667,240,1
1,1.07847,0,8.176,207.933,1
1,1.34187,0,8.25733,233.267,1
1,1.24373,0,7.774,222.267,1
1,1.529,0,8.56,251,1
1,1.36409,0,9.56818,243.909,0.733333
1,1.577,0,9.672,257.733,1
1,1.51973,0,10.386,259.667,1
1,1.5874,0,11.0133,260.533,1
1,1.74185,0,10.9531,271.538,0.866667
1,1.0208,0,9.34,205,1
1,1.421,0,10.2507,239.533,1
1,1.12369,0,10.3138,206.692,0.866667
1,0.7864,0,9.24,162.6,1
1,0.671571,0,9.59286,140.143,0.933333
1,0.774769,0,9.93462,147.538,0.866667
1,1.02592,3,10.59,166,0.8
1,1.01871,0,17.2579,161.786,0.933333
1,1.1154,3,36.784,168,0.333333
1,-nan,3,-nan,-nan,0
1,-nan,3,-nan,-nan,0
1,-nan,3,-nan,-nan,0
1,1.08267,3,27.16,170.333,0.2
1,0.716571,0,12.685,138.429,0.933333
1,0.693071,0,9.99428,146.571,0.933333
1,0.780615,0,9.62308,157.615,0.866667
1,0.8894,0,9.26133,166,1
1,1.16527,0,10.5536,230,0.733333
1,1.19636,0,10.9029,234.357,0.933333
1,1.08093,0,11.6947,221.6,1
1,1.37818,3,12.1364,253.273,0.733333
1,-nan,3,-nan,-nan,0
1,-nan,3,-nan,-nan,0
1,-nan,3,-nan,-nan,0
1,-nan,3,-nan,-nan,0
1,-nan,3,-nan,-nan,0
1,-nan,3,-nan,-nan,0
1,-nan,3,-nan,-nan,0
1,-nan,3,-nan,-nan,0
1,-nan,3,-nan,-nan,0
1,-nan,3,-nan,-nan,0
1,0.480533,0,7.062,97.6667,1
1,0.501786,0,6.90857,100.571,0.933333
1,0.6276,0,7.202,110.8,1
1,0.573214,0,7.28,118.857,0.933333
1,0.462867,0,6.99,109.133,1
1,0.615,0,7.584,142.067,1
1,0.696071,0,7.565,155.857,0.933333
1,0.737667,0,7.464,153.733,1
1,0.908,0,7.84846,176.538,0.866667
1,1.0284,0,8.01333,204.2,1
1,0.928867,0,8.078,187.933,1
1,1.25423,0,8.19077,202.231,0.866667
1,1.27438,0,8.13846,219.538,0.866667
1,1.3078,0,8.376,228.3,0.666667
1,1.2418,0,9.16667,231,1
1,1.3244,0,9.18667,233.733,1
1,1.35987,0,9.612,239.133,1
1,1.44653,0,10.8827,245.333,1
1,1.56493,0,10.962,244.333,1
1,1.63246,0,11.3077,254,0.866667
1,1.038,0,9.38267,207.533,1
1,0.9075,0,9.28,174.7,0.666667
1,0.859733,0,10.208,168.667,1
1,0.8098,0,9.316,153.933,1
1,0.605786,0,9.175,131.286,0.933333
1,0.634538,0,9.05538,128.692,0.866667
1,0.750643,0,12.395,129.714,0.933333
1,1.03833,3,36.3533,168.333,0.2
1,-nan,3,-nan,-nan,0
1,-nan,3,-nan,-nan,0
1,-nan,3,-nan,-nan,0
1,1.2408,3,27.972,188.8,0.333333
1,0.528867,0,10.4633,108.133,1
1,0.720444,0,10.0711,144.889,0.6
1,0.784,0,9.83571,158.071,0.933333
1,0.516214,0,8.67429,142.929,0.933333
1,1.02486,0,10.6086,212.429,0.933333
1,1.01758,0,11.24,211.833,0.8
1,0.849533,0,11.27,202.933,1
1,0.860467,0,10.6667,202.867,1
1,-nan,3,-nan,-nan,0
1,-nan,3,-nan,-nan,0
1,-nan,3,-nan,-nan,0
1,-nan,3,-nan,-nan,0
1,-nan,3,-nan,-nan,0
1,-nan,3,-nan,-nan,0
1,-nan,3,-nan,-nan,0
1,-nan,3,-nan,-nan,0
1,-nan,3,-nan,-nan,0
1,-nan,3,-nan,-nan,0
1,0.391733,0,6.98867,80.4,1
1,0.375133,0,7.24,91.7333,1
1,0.401533,0,6.89867,87.6667,1
1,0.4874,0,7.24267,108.2,1
1,0.463667,0,7.07,115.867,1
1,0.6468,0,7.65867,147.067,1
1,0.712467,0,7.718,157.467,1
1,0.719133,0,7.416,147.333,1
1,0.969733,0,7.79,181.8,1
1,1.1632,0,8.36,204.667,1
1,1.0162,0,8.414,202.733,1
1,1.02167,0,8.38933,192.2,1
1,1.1008,0,8.188,202.067,1
1,1.11793,0,8.528,210.733,1
1,1.15353,0,9.1,214.8,1
1,1.34293,0,9.68933,228.267,1
1,1.25793,0,10.278,227,1
1,1.4268,0,11.144,239.533,1
1,1.30307,0,10.788,224.533,1
1,1.41393,0,11.18,233.133,1
1,1.04667,0,9.548,208.333,1
1,0.9104,0,10.112,176.067,1
1,0.6692,0,9.152,144.4,1
1,0.626733,0,9.95067,134.467,1
1,0.689267,0,10.6867,135.933,1
1,0.6986,0,11.352,131.133,1
1,0.816857,0,16.3593,140.429,0.933333
1,1.2585,3,30.59,167.5,0.133333
1,-nan,3,-nan,-nan,0
1,-nan,3,-nan,-nan,0
1,-nan,3,-nan,-nan,0
1,0.787833,3,22.26,132.667,0.4
1,0.5042,0,10.578,106.4,1
1,0.780467,0,13.992,155.933,1
1,0.693733,0,10.47,151,1
1,0.722467,0,9.99733,165.133,1
1,0.960533,0,10.4027,202.333,1
1,0.8468,0,11.008,187.333,1
1,0.821467,0,11.0413,188.733,1
1,0.807067,0,10.6,188.867,1
1,-nan,3,-nan,-nan,0
1,-nan,3,-nan,-nan,0
1,-nan,3,-nan,-nan,0
1,-nan,3,-nan,-nan,0
1,-nan,3,-nan,-nan,0
1,-nan,3,-nan,-nan,0
1,-nan,3,-nan,-nan,0
1,0.362917,3,8.58,87.5833,0.8
1,-nan,3,-nan,-nan,0
1,-nan,3,-nan,-nan,0
1,0.4382,0,7.42133,99.4667,1
1,0.445133,0,7.144,98.9333,1
1,0.3664,0,7.10667,90.9333,1
1,0.348067,0,6.81333,96.2667,1
1,0.646385,0,7.14231,114.692,0.866667
1,0.648909,0,7.47636,132.727,0.733333
1,0.904867,0,7.80867,167.933,1
1,0.676667,0,7.836,151.933,1
1,0.804667,0,7.99267,171.267,1
1,1.13207,0,8.49333,201.867,1
1,1.07485,0,8.62615,201.308,0.866667
1,1.14727,0,8.34533,198.933,1
1,0.989733,0,8.372,187.867,1
1,1.07331,3,8.36308,192.538,0.866667
1,1.25575,0,9.15625,219.375,0.533333
1,1.337,0,9.79333,221.6,1
1,1.30569,0,10.3015,225.308,0.866667
1,1.3736,0,11.648,225.867,1
1,1.3588,0,11.6,224.667,1
1,1.33362,0,10.9385,227.462,0.866667
1,1.01385,0,9.94385,188.077,0.866667
1,0.817286,0,9.41714,162.786,0.933333
1,0.666,3,9.57,133.75,0.8
1,0.828067,0,10.9027,153.933,1
1,0.609571,0,9.85,126.357,0.933333
1,0.663769,0,9.69231,118.923,0.866667
1,0.7749,0,18.241,132.6,0.666667
1,-nan,3,-nan,-nan,0
1,-nan,3,-nan,-nan,0
1,-nan,3,-nan,-nan,0
1,-nan,3,-nan,-nan,0
1,-nan,3,-nan,-nan,0
1,0.559933,0,10.836,110.867,1
1,0.530143,0,9.33429,123.429,0.933333
1,0.707077,0,11.7,147.154,0.866667
1,0.445267,0,8.924,123.6,1
1,0.933667,0,10.2617,192.333,0.8
1,0.891615,0,11.4831,191.077,0.866667
1,0.866786,0,11.06,189.071,0.933333
1,0.877385,3,11.0385,190.308,0.866667
1,-nan,3,-nan,-nan,0
1,-nan,3,-nan,-nan,0
1,-nan,3,-nan,-nan,0
1,-nan,3,-nan,-nan,0
1,-nan,3,-nan,-nan,0
1,-nan,3,-nan,-nan,0
1,-nan,3,-nan,-nan,0
1,0.2855,3,8.66,70.5,0.266667
1,-nan,3,-nan,-nan,0
1,-nan,3,-nan,-nan,0
1,-nan,3,-nan,-nan,0
1,0.5728,0,7.056,92.8667,1
1,0.493,0,7.28929,106.929,0.933333
1,0.5086,0,7.06533,108.267,1
1,0.505857,0,7.26429,122.857,0.933333
1,0.436,0,7.00571,110.357,0.933333
1,0.745083,3,7.59333,146.75,0.8
1,0.711182,0,7.65818,142.727,0.733333
1,0.866462,3,7.70231,152.538,0.866667
1,0.9212,0,8.48,175.4,1
1,1.0648,0,8.295,180.5,0.666667
1,0.902833,0,8.32333,179.083,0.8
1,0.90925,0,8.03083,176.5,0.8
1,1.069,0,8.88,192.667,0.8
1,1.0706,0,9.13333,197.8,1
1,1.25222,0,9.38889,204.556,0.6
1,1.19427,0,9.918,208.733,1
1,1.26357,0,11.12,213.214,0.933333
1,1.42158,3,11.6,224.5,0.8
1,1.38915,0,11.6538,224.923,0.866667
1,0.921267,0,9.52733,174.6,1
1,0.92475,0,10.56,162.875,0.533333
1,0.785,3,9.19286,154.429,0.933333
1,0.943,0,12.07,168.2,0.666667
1,0.5385,0,8.77917,110.917,0.8
1,0.871462,0,11.9908,147.846,0.866667
1,0.960714,0,17.1786,142.929,0.933333
1,-nan,3,-nan,-nan,0
1,-nan,3,-nan,-nan,0
1,-nan,3,-nan,-nan,0
1,-nan,3,-nan,-nan,0
1,-nan,3,-nan,-nan,0
1,0.5563,0,11.18,103.5,0.666667
1,0.545857,0,10.0257,122.929,0.933333
1,1.12085,0,20.0769,194.923,0.866667
1,0.3744,0,8.786,108.7,0.666667
1,0.8102,0,10.1833,175.333,1
1,0.898667,0,11.872,191.133,1
1,0.774067,0,10.878,178.933,1
1,0.702846,0,10.5,168.538,0.866667
1,-nan,3,-nan,-nan,0
1,-nan,3,-nan,-nan,0
1,-nan,3,-nan,-nan,0
1,-nan,3,-nan,-nan,0
1,-nan,3,-nan,-nan,0
1,-nan,3,-nan,-nan,0
1,-nan,3,-nan,-nan,0
1,-nan,3,-nan,-nan,0
1,-nan,3,-nan,-nan,0
1,-nan,3,-nan,-nan,0
1,-nan,3,-nan,-nan,0
1,0.423308,0,7.07077,88.8462,0.866667
1,0.417692,3,7.12,95.3846,0.866667
1,0.356154,0,6.92462,88.2308,0.866667
1,0.364133,0,7.09,99.9333,1
1,0.4988,0,7.104,114.533,1
1,0.554733,0,7.412,128.267,1
1,0.5552,0,7.632,131.8,1
1,0.786909,0,7.72091,138.636,0.733333
1,0.8906,0,8.44,179.067,1
1,0.8304,0,8.232,177.267,1
1,1.05707,0,8.46267,181.133,1
1,0.833267,0,8.418,176.333,1
1,0.952867,0,8.816,181.267,1
1,1.00413,0,8.93333,197.933,1
1,1.06307,0,9.048,189.8,1
1,1.13533,0,9.828,200.2,1
1,1.24147,0,10.6027,208.667,1
1,1.24693,0,11.3293,213.733,1
1,1.3192,0,12,215.333,1
1,1.12533,0,10.3127,184.467,1
1,0.654,0,9.23733,143.8,1
1,0.762357,0,9.64071,145.429,0.933333
1,0.534867,0,8.72667,114.533,1
1,0.570071,0,9.775,113.143,0.933333
1,0.574923,3,8.88923,109.308,0.866667
1,0.835308,0,15.9385,128.154,0.866667
1,-nan,3,-nan,-nan,0
1,-nan,3,-nan,-nan,0
1,-nan,3,-nan,-nan,0
1,-nan,3,-nan,-nan,0
1,-nan,3,-nan,-nan,0
1,0.542154,0,12.0731,109.462,0.866667
1,0.580267,0,9.592,128.467,1
1,1.04467,0,20.79,186.533,1
1,0.479667,0,9.476,129.2,1
1,1.9532,0,10.4027,166.733,1
1,1.71567,0,10.72,192.667,0.6
1,0.607267,0,10.4207,152.267,1
1,0.617467,0,10.0667,154.533,1
1,-nan,3,-nan,-nan,0
1,-nan,3,-nan,-nan,0
1,-nan,3,-nan,-nan,0
1,-nan,3,-nan,-nan,0
1,-nan,3,-nan,-nan,0
1,-nan,3,-nan,-nan,0
1,-nan,3,-nan,-nan,0
1,-nan,3,-nan,-nan,0
1,-nan,3,-nan,-nan,0
1,0.325,0,10.4,79,1
1,-nan,3,-nan,-nan,0
1,0.320533,0,7.24,78.2,1
1,0.3978,0,7.45333,89.4667,1
1,0.3844,0,7.14933,93.7333,1
1,0.455133,0,7.39,106.2,1
1,0.551267,0,7.30667,124.2,1
1,0.534667,0,7.48,122.2,1
1,0.623133,0,7.788,138,1
1,0.792867,0,7.79,144.133,1
1,1.0632,0,8.37333,176.6,1
1,0.811308,0,8.30308,164,0.866667
1,0.953467,0,8.448,172.667,1
1,0.920867,0,8.31067,179.667,1
1,0.999933,0,9.216,187.4,1
1,0.965267,0,9.4,187.6,1
1,1.13993,0,9.53333,188.867,1
1,1.1378,0,9.684,203.8,1
1,1.17207,0,10.752,199.8,1
1,1.17047,0,11.542,201.133,1
1,1.22793,0,11.98,203.733,1
1,1.08464,0,10.8057,181.143,0.933333
1,0.7532,0,10.0693,148.133,1
1,0.5226,0,8.712,119.467,1
1,0.533286,0,8.84,113.286,0.933333
1,0.906,0,10.71,136.267,1
1,0.718133,0,10.704,122,1
1,0.684636,0,13.1182,115.455,0.733333
1,-nan,3,-nan,-nan,0
1,-nan,3,-nan,-nan,0
1,-nan,3,-nan,-nan,0
1,-nan,3,-nan,-nan,0
1,-nan,3,-nan,-nan,0
1,0.612714,0,12.4086,114.214,0.933333
1,0.547133,0,9.73867,118.467,1
1,1.20687,0,25.08,202.6,1
1,0.612067,0,10.212,138.733,1
1,0.8472,0,10.4653,172.467,1
1,1.03438,0,11.1877,195.154,0.866667
1,0.713667,0,10.878,163,1
1,0.8258,0,11.4,181.533,1
1,-nan,3,-nan,-nan,0
1,-nan,3,-nan,-nan,0
1,-nan,3,-nan,-nan,0
1,-nan,3,-nan,-nan,0
1,-nan,3,-nan,-nan,0
1,-nan,3,-nan,-nan,0
1,-nan,3,-nan,-nan,0
1,-nan,3,-nan,-nan,0
1,0.2984,3,8.532,77.4,0.333333
1,-nan,3,-nan,-nan,0
1,-nan,3,-nan,-nan,0
1,0.415,0,7.384,88.2667,1
1,0.400071,0,7.13143,88.7857,0.933333
1,0.460533,0,7.42933,104.4,1
1,0.496615,0,7.45385,110.769,0.866667
1,0.511786,0,7.41714,110.786,0.933333
1,0.657643,0,7.80786,133.857,0.933333
1,0.7032,0,7.788,141.733,1
1,0.779667,3,8.29667,152,0.2
1,0.879533,0,8.29333,169.533,1
1,0.997,0,8.61,173.077,0.866667
1,0.790571,0,8.45428,166.143,0.933333
1,1.00358,3,8.5675,173.167,0.8
1,0.971583,0,9.24,184.417,0.8
1,0.950538,3,9.26923,181.077,0.866667
1,1.05908,0,9.62,187.333,0.8
1,1.08133,0,9.54,189.8,1
1,1.19911,0,10.6711,199.111,0.6
1,1.1548,0,10.5173,191.533,1
1,1.145,0,12.275,192.917,0.8
1,1.06909,0,11.5264,170.545,0.733333
1,0.992727,0,12.5382,175.182,0.733333
1,0.609333,3,9.6525,125.25,0.8
1,0.4576,0,8.84,102.867,1
1,0.7006,0,10.3833,122.467,1
1,0.599357,0,10.0286,109.214,0.933333
1,0.742333,0,19.5689,122.778,0.6
1,-nan,3,-nan,-nan,0
1,-nan,3,-nan,-nan,0
1,-nan,3,-nan,-nan,0
1,-nan,3,-nan,-nan,0
1,-nan,3,-nan,-nan,0
1,0.514786,0,11.5486,101.571,0.933333
1,0.449667,3,10.01,104.583,0.8
1,1.20236,3,26.1321,200.071,0.933333
1,0.426933,0,9.2,116.8,1
1,0.634333,0,9.92222,141.444,0.6
1,1.00407,0,11.36,187.467,1
1,0.617077,0,10.7423,151.154,0.866667
1,0.696909,3,10.9091,160.636,0.733333
1,-nan,3,-nan,-nan,0
1,-nan,3,-nan,-nan,0
1,-nan,3,-nan,-nan,0
1,-nan,3,-nan,-nan,0
1,-nan,3,-nan,-nan,0
1,-nan,3,-nan,-nan,0
1,-nan,3,-nan,-nan,0
1,-nan,3,-nan,-nan,0
1,0.3675,3,9.585,77.25,0.533333
1,-nan,3,-nan,-nan,0
1,-nan,3,-nan,-nan,0
1,0.529692,0,7.49538,94.4615,0.866667
1,0.463545,0,7.44545,96.5455,0.733333
1,0.561,0,7.31818,105.364,0.733333
1,0.5636,0,7.2,113.467,1
1,0.587583,0,7.29333,114.833,0.8
1,0.620067,0,7.72933,122.667,1
1,0.6915,0,7.93286,136.286,0.933333
1,0.634,0,8.33467,138.267,1
1,0.884769,0,8.26154,156.692,0.866667
1,0.81975,3,8.4,161.75,0.266667
1,0.818333,0,8.47,154.667,0.8
1,0.991083,0,8.35667,155,0.8
1,0.907462,0,9.08308,168.923,0.866667
1,0.996462,3,9.30769,186.538,0.866667
1,0.947,3,9.44667,174.083,0.8
1,1.12029,0,9.97072,188.571,0.933333
1,1.14,0,10.8453,184.467,1
1,1.12317,3,11.2617,189,0.8
1,1.15777,0,11.9308,189.385,0.866667
1,0.9529,0,11.191,163.8,0.666667
1,0.891083,0,11.4933,154.417,0.8
1,0.688077,0,10.5092,133.077,0.866667
1,0.472286,0,9.30143,104.5,0.933333
1,0.58325,0,10.6167,112.583,0.8
1,0.628933,0,11.064,117.733,1
1,0.739222,0,16.8144,117.778,0.6
1,-nan,3,-nan,-nan,0
1,-nan,3,-nan,-nan,0
1,-nan,3,-nan,-nan,0
1,-nan,3,-nan,-nan,0
1,-nan,3,-nan,-nan,0
1,0.597333,0,13.5092,107.583,0.8
1,0.5081,0,10.12,104.7,0.666667
1,1.17745,0,23.8909,194.909,0.733333
1,0.951133,0,19.3507,183.467,1
1,0.772267,0,10.434,162.2,1
1,0.921,0,11.3067,175.667,0.6
1,0.541538,0,10.4785,139.769,0.866667
1,0.498286,0,10.3571,137.571,0.933333
1,-nan,3,-nan,-nan,0
1,-nan,3,-nan,-nan,0
1,-nan,3,-nan,-nan,0
1,-nan,3,-nan,-nan,0
1,-nan,3,-nan,-nan,0
1,-nan,3,-nan,-nan,0
1,-nan,3,-nan,-nan,0
1,-nan,3,-nan,-nan,0
1,0.274,3,10.08,74,0.0666667
1,0.289067,0,9.7,76,1
1,-nan,3,-nan,-nan,0
1,0.387571,0,7.47429,80.4286,0.466667
1,0.305154,0,7.27,78.3846,0.866667
1,0.486,0,7.588,111.9,0.666667
1,0.399222,0,6.95,87.2222,0.6
1,0.5272,0,7.47733,116.867,1
1,0.551667,0,7.68778,108.667,0.6
1,0.547909,0,7.90364,125,0.733333
1,0.576,0,8.09083,128.667,0.8
1,0.708267,0,8.21333,141,1
1,0.713667,0,8.582,155.8,1
1,0.8198,0,8.47733,157.4,1
1,0.871933,0,8.89333,159.733,1
1,0.940667,0,9.28,171.8,1
1,0.9806,0,9.56667,178.267,1
1,0.8532,0,9.672,169.133,1
1,0.972667,0,9.72,172.467,1
1,0.954357,0,10.1,175.643,0.933333
1,0.990533,0,11.0587,175.8,1
1,0.866846,0,10.2462,163.385,0.866667
1,0.9186,0,9.87867,165.133,1
1,0.700571,0,10.7886,133.857,0.933333
1,0.724769,0,10.7631,139,0.866667
1,0.5762,0,9.29333,116.667,1
1,0.466154,0,8.91154,94.3077,0.866667
1,0.582333,0,12.84,107.083,0.8
1,0.517667,0,11.7475,92.1667,0.8
1,-nan,3,-nan,-nan,0
1,-nan,3,-nan,-nan,0
1,-nan,3,-nan,-nan,0
1,-nan,3,-nan,-nan,0
1,-nan,3,-nan,-nan,0
1,0.461917,0,11.3592,88.5,0.8
1,0.545769,0,10.1538,113.308,0.866667
1,0.523533,0,11.55,112.4,1
1,0.956583,0,14.835,169.333,0.8
1,0.721533,0,10.4027,153.933,1
1,0.922833,0,11.24,174.917,0.8
1,0.5804,0,10.5513,145.4,1
1,0.542267,0,10.6667,139.667,1
1,-nan,3,-nan,-nan,0
1,-nan,3,-nan,-nan,0
1,-nan,3,-nan,-nan,0
1,-nan,3,-nan,-nan,0
1,-nan,3,-nan,-nan,0
1,-nan,3,-nan,-nan,0
1,-nan,3,-nan,-nan,0
1,-nan,3,-nan,-nan,0
1,-nan,3,-nan,-nan,0
1,-nan,3,-nan,-nan,0
1,-nan,3,-nan,-nan,0
1,0.3658,0,7.44,86.8667,1
1,0.318333,0,7.31467,80.7333,1
1,0.408933,0,7.51333,100.2,1
1,0.367067,0,7.12,90.2667,1
1,0.443357,0,7.66857,105.143,0.933333
1,0.5834,0,7.63867,117.733,1
1,0.595067,0,7.872,122.333,1
1,0.703867,0,8.38533,140.8,1
1,0.669,0,8.44,146.4,1
1,0.665067,0,8.428,141.6,1
1,0.895733,0,8.94667,161.133,1
1,0.944357,0,9.21643,163.357,0.933333
1,0.906308,0,9.10154,163.308,0.866667
1,0.9162,0,9.45,171.067,1
1,0.9864,0,9.672,171.6,1
1,0.831733,0,9.486,162.4,1
1,0.9714,0,10.472,169.6,1
1,0.993667,0,10.9427,173.667,1
1,1.03567,0,11.56,164.4,1
1,0.6768,0,9.13467,141.8,1
1,0.961917,0,12.3733,159.667,0.8
1,0.9502,0,12.122,153.067,1
1,0.581857,0,10.9771,112.786,0.933333
1,0.679467,0,10.7333,121.267,1
1,0.781143,0,17.46,125.643,0.933333
1,0.523364,0,17.2218,97.5455,0.733333
1,0.719,3,34.58,102,0.0666667
1,-nan,3,-nan,-nan,0
1,-nan,3,-nan,-nan,0
1,-nan,3,-nan,-nan,0
1,-nan,3,-nan,-nan,0
1,0.545091,0,13.2909,97,0.733333
1,0.483929,0,9.74286,94.5,0.933333
1,0.577533,0,13.53,117,1
1,0.881083,0,14.03,165.083,0.8
1,0.738286,0,11.0786,147.429,0.933333
1,0.8958,0,11.84,171,1
1,0.972867,0,12.9687,178.4,1
1,0.4742,0,10.4667,124.133,1
1,-nan,3,-nan,-nan,0
1,-nan,3,-nan,-nan,0
1,-nan,3,-nan,-nan,0
1,-nan,3,-nan,-nan,0
1,-nan,3,-nan,-nan,0
1,-nan,3,-nan,-nan,0
1,-nan,3,-nan,-nan,0
1,-nan,3,-nan,-nan,0
1,-nan,3,-nan,-nan,0
1,-nan,3,-nan,-nan,0
1,-nan,3,-nan,-nan,0
1,-nan,3,-nan,-nan,0
1,0.351067,0,7.436,78.5333,1
1,0.383286,0,7.58,90.5,0.933333
1,0.402933,0,7.62,101.733,1
1,0.588,0,7.84,115,0.866667
1,0.514933,0,7.36667,110.133,1
1,0.669667,0,7.932,127.8,1
1,0.631933,0,8.29667,137.533,1
1,0.678067,0,9.01333,150.8,1
1,0.723615,0,8.82,151.077,0.866667
1,0.7505,0,8.53286,152.071,0.933333
1,0.78025,0,8.70167,146,0.8
1,0.83325,3,9.51,158.75,0.533333
1,0.856857,3,9.96429,161.143,0.466667
1,0.938417,0,10.0317,161.417,0.8
1,0.905636,0,10.0145,164,0.733333
1,0.926929,0,10.6,167.429,0.933333
1,0.9608,0,10.9813,165.333,1
1,0.885143,0,11.0786,158.571,0.933333
1,0.839909,0,10.6527,151.273,0.733333
1,0.676714,0,10.4686,128.714,0.466667
1,0.709615,0,11.0931,133.538,0.866667
1,0.272143,0,7.91714,71.7143,0.466667
1,0.612308,0,10.9038,108.769,0.866667
1,0.46675,0,10.89,91.8333,0.8
1,0.567833,0,18.2533,102.5,0.8
1,-nan,3,-nan,-nan,0
1,-nan,3,-nan,-nan,0
1,-nan,3,-nan,-nan,0
1,-nan,3,-nan,-nan,0
1,-nan,3,-nan,-nan,0
1,-nan,3,-nan,-nan,0
1,0.491091,0,10.84,98.9091,0.733333
1,0.885933,0,22.29,157.933,1
1,0.427923,3,11.4646,101.538,0.866667
1,0.637417,0,11.0842,139,0.8
1,0.763333,0,11.44,156.75,0.8
1,0.938143,0,12.915,174.786,0.933333
1,0.6255,0,11.1071,145.357,0.933333
1,-nan,3,-nan,-nan,0
1,-nan,3,-nan,-nan,0
1,-nan,3,-nan,-nan,0
1,-nan,3,-nan,-nan,0
1,-nan,3,-nan,-nan,0
1,-nan,3,-nan,-nan,0
1,-nan,3,-nan,-nan,0
1,-nan,3,-nan,-nan,0
1,-nan,3,-nan,-nan,0
1,-nan,3,-nan,-nan,0
1,-nan,3,-nan,-nan,0
1,-nan,3,-nan,-nan,0
1,0.423333,0,7.52267,88.4667,1
1,0.43875,0,7.51333,93.5833,0.8
1,0.503545,0,7.71818,111.182,0.733333
1,0.497533,0,7.62667,99.6667,1
1,0.481769,0,7.87231,100.538,0.866667
1,0.602643,0,7.76571,122.929,0.933333
1,0.693091,0,8.55,143.273,0.733333
1,0.615429,0,8.71428,131.5,0.933333
1,0.808333,0,8.8725,150.583,0.8
1,0.9017,0,8.866,155.9,0.666667
1,0.730167,0,8.81667,144.167,0.4
1,0.784545,3,8.50909,143.455,0.733333
1,0.867462,0,9.98077,161.615,0.866667
1,0.919,0,10.0657,162.286,0.466667
1,0.764545,0,9.64637,157.455,0.733333
1,0.939571,0,10.68,161.286,0.466667
1,1.01662,0,11.3546,168.154,0.866667
1,0.667231,0,10.2923,135.308,0.866667
1,0.77475,0,10.3333,145.583,0.8
1,0.795111,0,10.6667,137.333,0.6
1,0.73975,0,10.945,132.75,0.8
1,0.6515,3,11.815,115,0.8
1,0.4445,3,9.625,84.75,0.266667
1,0.533,3,10.395,94.25,0.533333
1,0.618429,3,20.1386,103.571,0.466667
1,-nan,3,-nan,-nan,0
1,-nan,3,-nan,-nan,0
1,-nan,3,-nan,-nan,0
1,-nan,3,-nan,-nan,0
1,-nan,3,-nan,-nan,0
1,-nan,3,-nan,-nan,0
1,0.44025,3,9.24,94.1667,0.8
1,0.7468,0,19.395,136.6,0.666667
1,0.460455,0,12.2945,101.636,0.733333
1,0.643455,0,11.1091,133.545,0.733333
1,0.830222,0,11.7867,159.333,0.6
1,0.8538,3,12.201,167.5,0.666667
1,0.479333,0,10.375,123.75,0.8
